Trial,9,Cluster,0,best result chain,[18, 2, 44, 64, 70, 17, 68, 81, 69, 86, 54, 74, 16, 88, 0, 47, 38, 89, 56, 24, 32, 77, 78, 65, 26, 23, 20, 7, 59, 30, 83, 39, 93, 22, 25, 4, 52, 87, 73, 82, 35, 102, 45, 80, 1, 91, 9, 5, 72, 43, 90, 6, 71, 41, 50, 97, 13, 27, 104, 60, 28, 66, 61, 14, 95, 67, 42, 84, 11, 3, 10, 96, 31, 62, 33, 29, 103, 40, 79, 75, 101, 55, 12, 21, 99, 34, 57, 100, 8, 92, 49, 58, 63, 53, 85, 15, 36, 19, 76, 46, 105, 51, 98, 94, 37, 48]
Trial,9,Cluster,1,best result chain,[100, 58, 109, 83, 44, 71, 77, 12, 37, 3, 107, 24, 59, 20, 13, 94, 7, 45, 86, 47, 60, 42, 19, 90, 63, 27, 95, 53, 85, 105, 75, 81, 76, 84, 96, 28, 62, 1, 56, 103, 114, 91, 23, 17, 50, 99, 35, 51, 21, 55, 65, 67, 48, 98, 8, 11, 0, 31, 97, 40, 34, 33, 111, 36, 102, 22, 78, 93, 89, 74, 61, 68, 101, 4, 6, 30, 87, 52, 88, 29, 54, 66, 80, 49, 15, 16, 43, 113, 46, 72, 108, 2, 69, 9, 106, 73, 70, 92, 25, 104, 5, 41, 112, 32, 39, 18, 26, 110, 79, 57, 82, 10, 64, 14, 38]
Trial,9,Cluster,2,best result chain,[141, 129, 58, 74, 106, 78, 29, 20, 57, 104, 37, 107, 132, 40, 120, 143, 112, 127, 98, 39, 140, 97, 138, 28, 47, 23, 101, 150, 31, 12, 41, 33, 22, 134, 60, 9, 83, 10, 114, 81, 38, 32, 128, 34, 85, 3, 61, 133, 76, 63, 24, 68, 115, 111, 75, 109, 26, 44, 16, 67, 99, 77, 50, 80, 90, 25, 43, 35, 45, 8, 100, 46, 149, 147, 137, 48, 71, 95, 121, 87, 72, 89, 51, 11, 36, 66, 6, 88, 54, 131, 92, 30, 0, 116, 73, 94, 62, 86, 1, 2, 136, 117, 4, 5, 148, 123, 21, 118, 130, 56, 82, 55, 18, 27, 108, 124, 52, 119, 53, 19, 144, 59, 14, 13, 15, 49, 110, 70, 103, 17, 96, 69, 64, 146, 93, 105, 65, 122, 42, 126, 145, 7, 135, 84, 113, 139, 91, 102, 125, 142, 79]
Trial,9,Cluster,3,best result chain,[101, 96, 80, 91, 53, 70, 30, 32, 8, 16, 11, 51, 111, 103, 1, 93, 22, 82, 117, 73, 23, 104, 42, 21, 26, 109, 81, 34, 18, 121, 76, 97, 119, 98, 85, 60, 79, 24, 27, 19, 114, 29, 20, 107, 59, 15, 57, 37, 12, 44, 89, 63, 14, 33, 116, 65, 7, 94, 84, 56, 67, 71, 58, 46, 108, 48, 100, 43, 88, 69, 5, 28, 36, 31, 72, 49, 83, 110, 120, 106, 62, 99, 52, 40, 17, 66, 105, 61, 25, 86, 3, 2, 95, 10, 13, 64, 118, 77, 47, 4, 92, 50, 54, 68, 90, 102, 9, 75, 0, 41, 39, 78, 55, 38, 112, 115, 87, 74, 6, 35, 113, 45]
Trial,9,Cluster,4,best result chain,[54, 91, 10, 56, 100, 73, 45, 80, 47, 104, 87, 66, 75, 37, 6, 60, 20, 61, 58, 8, 16, 15, 1, 52, 69, 67, 43, 112, 101, 98, 22, 110, 105, 81, 89, 64, 2, 48, 115, 74, 30, 70, 59, 82, 40, 34, 32, 88, 76, 77, 50, 108, 103, 92, 97, 57, 96, 106, 55, 4, 11, 7, 63, 116, 44, 107, 26, 99, 113, 38, 19, 68, 65, 51, 111, 27, 13, 85, 78, 46, 35, 25, 17, 14, 94, 109, 9, 72, 21, 24, 90, 95, 12, 114, 102, 79, 83, 0, 18, 53, 33, 41, 29, 93, 42, 23, 5, 71, 36, 86, 28, 62, 84, 39, 31, 49, 3]
Trial,9,Cluster,5,best result chain,[63, 79, 71, 32, 94, 14, 38, 106, 105, 19, 43, 1, 53, 22, 89, 117, 16, 121, 40, 83, 56, 10, 74, 15, 100, 27, 104, 124, 113, 23, 68, 103, 66, 60, 5, 35, 76, 2, 0, 34, 78, 122, 33, 21, 39, 11, 51, 109, 57, 47, 37, 52, 82, 72, 65, 107, 54, 97, 118, 61, 81, 98, 64, 87, 58, 50, 102, 80, 13, 28, 31, 96, 127, 114, 126, 95, 48, 12, 115, 91, 36, 41, 3, 110, 73, 55, 29, 84, 59, 45, 112, 120, 9, 20, 18, 85, 93, 111, 46, 90, 108, 92, 49, 116, 7, 6, 86, 4, 88, 25, 119, 101, 17, 42, 67, 69, 77, 70, 8, 99, 62, 125, 123, 44, 24, 26, 75, 30]
Trial,9,Cluster,6,best result chain,[84, 24, 8, 11, 54, 22, 80, 26, 72, 1, 46, 142, 73, 7, 41, 78, 122, 23, 65, 117, 130, 126, 19, 57, 99, 121, 103, 132, 129, 81, 114, 58, 76, 133, 118, 88, 108, 94, 104, 61, 21, 25, 9, 63, 85, 100, 113, 120, 48, 77, 140, 75, 102, 111, 62, 40, 143, 33, 16, 115, 60, 64, 37, 4, 13, 6, 15, 12, 124, 87, 51, 10, 83, 3, 5, 27, 70, 66, 139, 125, 127, 141, 30, 49, 95, 96, 52, 36, 136, 17, 44, 82, 98, 59, 2, 18, 45, 101, 128, 55, 79, 14, 107, 90, 35, 43, 28, 56, 20, 110, 112, 29, 97, 31, 69, 71, 135, 93, 92, 53, 119, 106, 134, 68, 109, 89, 39, 67, 86, 138, 0, 42, 34, 74, 38, 47, 105, 131, 91, 123, 32, 50, 116, 137]
Trial,9,Cluster,7,best result chain,[121, 80, 64, 46, 41, 32, 24, 19, 62, 79, 139, 5, 51, 133, 107, 84, 16, 112, 132, 27, 9, 120, 0, 49, 87, 131, 94, 146, 66, 10, 96, 6, 39, 34, 57, 136, 38, 13, 68, 98, 138, 30, 60, 103, 118, 88, 92, 110, 20, 115, 93, 67, 111, 53, 59, 116, 99, 8, 129, 125, 134, 45, 113, 145, 74, 65, 42, 143, 47, 108, 102, 76, 75, 100, 104, 12, 71, 127, 144, 2, 130, 83, 52, 17, 43, 48, 23, 21, 37, 106, 109, 15, 124, 140, 77, 81, 33, 97, 4, 14, 29, 73, 18, 54, 78, 50, 119, 101, 7, 72, 40, 22, 36, 70, 142, 86, 137, 58, 128, 35, 82, 11, 95, 85, 141, 1, 25, 122, 91, 117, 105, 123, 44, 89, 61, 69, 55, 28, 63, 126, 3, 114, 31, 135, 26, 56, 90]
Trial,9,Cluster,8,best result chain,[48, 105, 106, 39, 52, 76, 42, 46, 74, 90, 0, 102, 108, 19, 43, 8, 29, 28, 38, 56, 3, 21, 23, 92, 41, 104, 60, 30, 1, 32, 31, 45, 16, 78, 18, 14, 68, 2, 44, 93, 89, 26, 13, 10, 65, 77, 100, 51, 72, 86, 97, 17, 91, 57, 75, 69, 99, 109, 80, 55, 40, 101, 50, 37, 58, 35, 11, 34, 64, 6, 96, 81, 22, 82, 84, 88, 24, 25, 83, 95, 33, 12, 20, 49, 70, 85, 7, 53, 62, 94, 73, 87, 15, 111, 67, 71, 66, 47, 107, 79, 4, 63, 54, 59, 5, 36, 61, 98, 103, 27, 9, 110]
Hamming_loss, 0.22608695652173913,0.18013245033112582,0.25175644028103045,0.2632478632478633,0.2578125,0.23710317460317457,0.22789115646258504,0.32589285714285715,
Exact_match, 0.0,0.0,0.0,0.0,0.0,0.0,0.0,0.0,
Accuracy, 0.36585365853658536,0.19767011895257372,0.22899228663348264,0.2236754677391152,0.18738250014622995,0.1716477392456309,0.2064980158730159,0.11569478908188585,
Averaging, 0.3799222340049487,0.33917922287381597,0.32574528211748405,0.32014253483041727,0.30985666671540996,0.3115148548808188,0.3262022864701436,0.26326731064634284,