Trial,9,Cluster,0,best result chain,[45, 84, 95, 72, 56, 18, 43, 49, 12, 16, 23, 81, 61, 73, 74, 93, 87, 41, 68, 32, 3, 58, 100, 59, 90, 83, 67, 24, 34, 89, 39, 53, 7, 47, 1, 15, 103, 5, 52, 88, 28, 62, 30, 51, 64, 2, 69, 55, 105, 19, 9, 17, 11, 22, 99, 29, 54, 63, 38, 26, 14, 66, 37, 27, 98, 8, 94, 92, 21, 102, 46, 86, 104, 20, 57, 85, 80, 48, 31, 97, 70, 6, 91, 101, 44, 75, 42, 60, 76, 77, 35, 71, 65, 79, 78, 0, 13, 82, 50, 10, 36, 25, 4, 33, 96, 40]
null
Trial,9,Cluster,1,best result chain,[94, 92, 108, 72, 2, 60, 39, 13, 45, 74, 12, 28, 7, 1, 91, 64, 30, 49, 22, 79, 14, 41, 69, 5, 53, 113, 102, 97, 96, 62, 31, 82, 88, 75, 103, 55, 85, 43, 67, 25, 15, 36, 87, 83, 46, 26, 65, 98, 23, 59, 20, 34, 19, 21, 61, 77, 27, 95, 10, 56, 105, 11, 8, 106, 47, 3, 32, 54, 51, 63, 68, 100, 35, 44, 0, 111, 50, 81, 18, 17, 38, 109, 93, 42, 9, 4, 48, 40, 80, 57, 58, 86, 16, 112, 110, 89, 29, 70, 84, 6, 78, 76, 99, 90, 73, 104, 101, 24, 37, 52, 107, 71, 33, 66, 114]
null
Trial,9,Cluster,2,best result chain,[25, 147, 33, 149, 57, 42, 97, 69, 76, 67, 47, 111, 26, 20, 102, 121, 12, 60, 37, 106, 104, 1, 79, 61, 62, 7, 21, 110, 29, 92, 113, 103, 100, 86, 34, 108, 127, 58, 75, 16, 46, 27, 73, 138, 55, 95, 96, 129, 3, 90, 17, 15, 105, 68, 98, 122, 130, 88, 83, 131, 89, 14, 137, 23, 128, 32, 39, 78, 112, 51, 65, 22, 4, 80, 94, 19, 36, 9, 74, 120, 59, 48, 35, 43, 64, 136, 45, 77, 135, 44, 8, 72, 63, 84, 41, 56, 99, 123, 133, 126, 107, 81, 114, 24, 11, 13, 141, 70, 10, 115, 53, 101, 18, 124, 71, 142, 91, 54, 38, 143, 52, 117, 40, 50, 132, 82, 87, 144, 31, 66, 148, 6, 139, 134, 0, 146, 85, 119, 93, 2, 116, 140, 150, 109, 125, 118, 49, 28, 30, 5, 145]
null
Trial,9,Cluster,3,best result chain,[20, 44, 88, 108, 1, 121, 50, 27, 69, 11, 73, 56, 95, 33, 110, 115, 21, 74, 35, 25, 54, 17, 59, 78, 120, 43, 92, 114, 116, 49, 55, 36, 9, 41, 79, 100, 5, 19, 32, 14, 10, 101, 31, 104, 48, 62, 65, 60, 22, 102, 28, 12, 39, 47, 117, 34, 15, 91, 53, 89, 42, 29, 4, 109, 61, 83, 103, 98, 75, 13, 84, 37, 68, 82, 113, 72, 7, 76, 105, 40, 70, 77, 99, 71, 6, 24, 16, 90, 97, 23, 26, 112, 2, 58, 87, 63, 46, 3, 51, 96, 57, 0, 111, 30, 38, 64, 94, 52, 18, 107, 66, 86, 118, 80, 106, 85, 45, 67, 119, 93, 8, 81]
null
Trial,9,Cluster,4,best result chain,[66, 24, 64, 82, 34, 69, 65, 2, 93, 71, 4, 113, 97, 19, 42, 49, 76, 21, 63, 112, 81, 73, 40, 11, 83, 60, 6, 1, 61, 27, 102, 31, 74, 88, 111, 32, 14, 41, 100, 54, 98, 92, 28, 56, 70, 108, 101, 23, 106, 10, 37, 91, 12, 17, 90, 109, 53, 59, 86, 26, 114, 96, 48, 103, 78, 75, 107, 116, 16, 58, 110, 25, 115, 77, 55, 46, 89, 52, 43, 104, 84, 51, 35, 87, 15, 44, 85, 8, 95, 5, 62, 68, 29, 47, 7, 80, 39, 33, 30, 45, 13, 67, 22, 57, 94, 50, 105, 3, 18, 0, 38, 20, 36, 9, 99, 79, 72]
null
Trial,9,Cluster,5,best result chain,[21, 35, 54, 42, 17, 80, 102, 75, 27, 2, 55, 58, 24, 91, 37, 95, 15, 6, 48, 122, 32, 14, 7, 120, 79, 73, 84, 49, 98, 10, 4, 0, 92, 82, 74, 67, 112, 106, 22, 30, 13, 81, 1, 29, 68, 78, 65, 90, 19, 31, 124, 50, 101, 62, 20, 103, 23, 47, 53, 71, 36, 61, 34, 94, 108, 63, 11, 64, 3, 18, 77, 113, 45, 83, 115, 76, 121, 107, 43, 12, 97, 69, 57, 86, 51, 59, 126, 85, 114, 123, 116, 111, 52, 93, 46, 125, 60, 88, 25, 100, 9, 38, 99, 87, 110, 96, 72, 66, 109, 104, 119, 56, 117, 105, 39, 118, 70, 44, 33, 8, 16, 41, 40, 5, 127, 26, 28, 89]
null
Trial,9,Cluster,6,best result chain,[23, 66, 118, 83, 45, 44, 70, 1, 76, 35, 87, 38, 108, 49, 98, 111, 107, 89, 128, 41, 69, 40, 5, 19, 79, 11, 90, 84, 135, 68, 20, 65, 43, 138, 101, 96, 6, 102, 52, 132, 117, 121, 126, 91, 94, 9, 72, 26, 63, 31, 64, 120, 27, 129, 105, 58, 55, 82, 71, 110, 51, 14, 125, 24, 12, 113, 17, 130, 92, 81, 22, 8, 48, 100, 42, 143, 95, 10, 114, 131, 103, 116, 123, 53, 124, 3, 57, 59, 39, 50, 97, 137, 2, 21, 61, 106, 140, 18, 60, 32, 25, 93, 47, 122, 56, 34, 67, 15, 86, 30, 54, 16, 115, 29, 85, 104, 133, 0, 134, 99, 37, 112, 77, 28, 7, 80, 4, 139, 78, 74, 88, 46, 127, 75, 141, 136, 109, 73, 142, 36, 62, 119, 13, 33]
null
Trial,9,Cluster,7,best result chain,[71, 46, 74, 143, 29, 23, 142, 120, 35, 58, 38, 84, 65, 82, 86, 90, 140, 17, 10, 54, 76, 136, 91, 114, 68, 59, 115, 103, 106, 27, 141, 49, 60, 12, 57, 50, 109, 113, 53, 97, 40, 63, 19, 98, 70, 139, 69, 16, 80, 30, 81, 134, 24, 45, 102, 0, 145, 2, 4, 31, 123, 44, 21, 33, 66, 26, 137, 13, 18, 79, 111, 39, 100, 101, 131, 130, 124, 127, 94, 92, 8, 126, 73, 22, 51, 37, 5, 96, 116, 125, 55, 28, 14, 122, 72, 67, 61, 3, 99, 48, 87, 25, 95, 20, 78, 144, 75, 47, 41, 93, 132, 6, 83, 15, 110, 56, 104, 88, 108, 1, 135, 121, 128, 107, 138, 89, 146, 42, 117, 7, 118, 43, 129, 62, 85, 32, 9, 77, 64, 119, 133, 52, 11, 36, 34, 105, 112]
null
Trial,9,Cluster,8,best result chain,[37, 50, 91, 98, 111, 106, 68, 77, 44, 89, 9, 39, 95, 14, 19, 57, 28, 66, 36, 17, 3, 84, 47, 38, 26, 79, 59, 75, 61, 78, 71, 62, 69, 20, 67, 74, 82, 31, 104, 6, 12, 58, 5, 46, 64, 40, 54, 2, 1, 53, 70, 65, 86, 7, 16, 0, 27, 92, 60, 34, 11, 42, 93, 41, 29, 80, 96, 100, 35, 109, 90, 13, 4, 97, 43, 8, 72, 105, 25, 15, 55, 51, 22, 107, 102, 76, 94, 110, 52, 33, 10, 45, 30, 101, 103, 49, 48, 18, 24, 99, 87, 88, 83, 63, 56, 81, 108, 85, 73, 23, 21, 32]
null
Hamming_loss, 0.15229885057471265,0.16091954022988503,0.1839080459770115,0.18921308576480994,0.21264367816091956,0.20484400656814447,0.17471264367816094,0.13218390804597702,
Exact_match, 0.0,0.0,0.0,0.0,0.0,0.0,0.0,0.0,
Accuracy, 0.24285714285714283,0.20166620737254443,0.23809523809523808,0.14392810028404884,0.21435185185185185,0.18326035663345436,0.21858916981097432,0.34285714285714286,
Averaging, 0.36351943076081006,0.3469155557142198,0.35139573070607555,0.3182383381730796,0.3339027245636441,0.32613878335510327,0.34795884204427113,0.4035577449370553,