Trial,6,Cluster,0,best result chain,[41, 12, 32, 156, 74, 77, 107, 71, 57, 85, 1, 102, 99, 169, 140, 0, 93, 166, 29, 131, 13, 22, 137, 31, 67, 6, 27, 25, 69, 106, 148, 44, 42, 134, 37, 79, 138, 144, 80, 64, 56, 19, 75, 95, 101, 150, 114, 55, 78, 76, 118, 165, 3, 70, 9, 159, 30, 48, 73, 163, 34, 10, 43, 15, 52, 86, 2, 14, 90, 120, 141, 109, 94, 143, 116, 45, 115, 58, 164, 167, 104, 36, 127, 88, 170, 11, 157, 135, 129, 103, 160, 65, 168, 136, 108, 21, 153, 62, 98, 128, 149, 105, 146, 23, 142, 35, 152, 7, 130, 151, 91, 63, 72, 132, 54, 145, 16, 100, 28, 154, 119, 38, 24, 139, 47, 26, 124, 5, 161, 66, 123, 83, 81, 51, 18, 126, 117, 50, 147, 20, 89, 17, 59, 125, 121, 113, 61, 33, 84, 60, 158, 87, 92, 111, 82, 133, 97, 8, 162, 96, 155, 46, 53, 110, 68, 112, 49, 40, 39, 4, 122]
Trial,6,Cluster,1,best result chain,[86, 130, 78, 100, 66, 26, 49, 32, 2, 124, 85, 4, 104, 28, 106, 126, 83, 98, 68, 95, 115, 6, 64, 140, 112, 39, 121, 109, 142, 120, 44, 84, 144, 96, 92, 129, 127, 147, 0, 123, 24, 90, 146, 13, 23, 52, 154, 81, 37, 91, 9, 155, 11, 30, 116, 111, 21, 141, 60, 34, 149, 138, 27, 114, 40, 107, 105, 77, 46, 38, 97, 137, 42, 151, 53, 5, 18, 56, 48, 36, 12, 63, 88, 131, 67, 50, 59, 139, 82, 7, 152, 94, 29, 108, 62, 99, 71, 143, 16, 133, 122, 73, 3, 61, 79, 19, 57, 55, 145, 72, 8, 148, 75, 35, 136, 74, 102, 41, 25, 132, 135, 117, 65, 103, 157, 20, 158, 101, 70, 80, 47, 22, 93, 33, 113, 118, 58, 156, 153, 43, 89, 69, 125, 76, 31, 14, 54, 150, 119, 134, 128, 45, 1, 10, 110, 17, 51, 15, 87]
Trial,6,Cluster,2,best result chain,[104, 116, 41, 59, 73, 67, 31, 118, 50, 131, 96, 5, 90, 126, 124, 133, 70, 15, 114, 21, 37, 25, 24, 85, 138, 71, 38, 112, 2, 64, 0, 72, 119, 111, 134, 65, 52, 49, 47, 16, 77, 68, 141, 84, 143, 110, 28, 46, 7, 132, 58, 3, 135, 136, 33, 6, 19, 20, 17, 40, 79, 117, 105, 54, 80, 129, 60, 78, 102, 53, 93, 57, 27, 113, 120, 56, 32, 55, 69, 39, 115, 123, 43, 91, 107, 140, 127, 139, 4, 48, 128, 62, 1, 22, 83, 44, 130, 88, 74, 103, 45, 66, 12, 18, 14, 75, 34, 122, 101, 29, 97, 76, 30, 87, 100, 121, 63, 95, 86, 42, 13, 109, 23, 9, 82, 98, 108, 11, 51, 8, 89, 142, 10, 99, 36, 137, 81, 125, 35, 94, 61, 92, 26, 106]
Trial,6,Cluster,3,best result chain,[41, 118, 37, 139, 25, 63, 78, 65, 6, 75, 11, 112, 39, 43, 93, 22, 153, 7, 160, 18, 5, 80, 74, 4, 152, 99, 62, 94, 95, 42, 84, 49, 71, 33, 158, 26, 159, 143, 81, 24, 97, 69, 60, 140, 106, 98, 45, 147, 79, 138, 155, 110, 17, 129, 35, 130, 133, 96, 109, 9, 0, 19, 82, 56, 108, 142, 29, 100, 135, 149, 126, 156, 90, 119, 61, 116, 88, 1, 141, 20, 113, 46, 72, 107, 136, 32, 36, 21, 89, 58, 103, 30, 28, 10, 48, 105, 53, 132, 52, 31, 70, 55, 23, 15, 34, 64, 73, 66, 85, 54, 128, 59, 115, 134, 50, 67, 111, 120, 91, 76, 151, 127, 86, 122, 57, 13, 145, 16, 124, 144, 47, 40, 77, 8, 38, 87, 154, 146, 148, 104, 117, 125, 131, 137, 83, 44, 51, 14, 92, 2, 3, 27, 123, 68, 157, 150, 114, 12, 102, 121, 101]
Trial,6,Cluster,4,best result chain,[142, 52, 59, 130, 33, 75, 102, 78, 1, 32, 129, 40, 63, 133, 44, 141, 126, 66, 116, 121, 124, 56, 81, 51, 117, 30, 25, 119, 36, 24, 38, 43, 89, 34, 77, 107, 5, 144, 69, 118, 112, 139, 125, 76, 65, 114, 93, 37, 39, 85, 109, 53, 21, 143, 86, 111, 135, 41, 122, 10, 3, 94, 28, 88, 123, 23, 71, 91, 100, 57, 60, 82, 8, 145, 106, 132, 83, 68, 62, 11, 101, 15, 45, 42, 4, 95, 61, 50, 9, 98, 115, 18, 13, 47, 19, 17, 128, 96, 104, 16, 120, 138, 26, 73, 7, 0, 79, 110, 6, 113, 27, 58, 20, 14, 92, 108, 35, 103, 55, 48, 64, 84, 12, 90, 72, 22, 49, 136, 2, 80, 131, 97, 105, 74, 140, 99, 134, 67, 54, 127, 70, 31, 137, 87, 46, 29]
Trial,6,Cluster,5,best result chain,[49, 18, 35, 37, 22, 7, 31, 55, 9, 26, 40, 51, 32, 44, 4, 1, 42, 54, 15, 0, 36, 46, 43, 39, 28, 47, 25, 11, 45, 16, 17, 5, 10, 30, 41, 29, 13, 6, 34, 33, 53, 8, 48, 20, 52, 19, 57, 50, 56, 23, 12, 27, 38, 14, 3, 2, 21, 24]
Trial,6,Cluster,6,best result chain,[16, 88, 38, 133, 30, 6, 40, 49, 4, 25, 103, 85, 23, 124, 53, 107, 71, 106, 111, 46, 76, 70, 34, 74, 104, 58, 36, 3, 96, 127, 77, 51, 18, 145, 9, 82, 62, 109, 31, 144, 95, 24, 114, 143, 118, 126, 26, 108, 48, 110, 14, 113, 44, 98, 125, 102, 10, 42, 138, 32, 122, 27, 81, 43, 1, 72, 11, 66, 5, 12, 20, 90, 87, 15, 130, 101, 139, 68, 146, 147, 92, 37, 80, 100, 89, 59, 21, 33, 78, 94, 60, 99, 39, 141, 0, 63, 136, 119, 86, 84, 117, 8, 116, 112, 17, 135, 7, 93, 129, 75, 61, 134, 57, 137, 41, 73, 128, 47, 97, 52, 19, 64, 2, 140, 79, 55, 67, 50, 121, 56, 54, 13, 35, 131, 91, 69, 115, 120, 29, 65, 83, 105, 142, 45, 22, 132, 123, 28]
Hamming_loss, 0.20077972709551659,0.20754716981132074,0.23194444444444448,0.22153209109730845,0.20034246575342463,0.27586206896551724,
Exact_match, 0.0,0.0,0.0,0.0,0.0,0.0,
Accuracy, 0.17445796907241218,0.20049922489180805,0.16342575150563032,0.19640670780695,0.24193836693836693,0.30434782608695654,
Averaging, 0.32455941399229854,0.33098401836016245,0.31049376902039527,0.32495820556988053,0.3471986337283141,0.3428285857071464,