Trial,6,Cluster,0,best result chain,[14, 61, 149, 157, 160, 64, 151, 85, 96, 21, 153, 165, 47, 141, 73, 117, 5, 43, 24, 142, 111, 23, 83, 128, 63, 9, 55, 112, 68, 66, 143, 84, 7, 75, 138, 104, 147, 54, 122, 27, 127, 107, 69, 44, 87, 89, 58, 12, 132, 91, 148, 158, 34, 120, 136, 16, 115, 4, 163, 133, 31, 86, 6, 30, 53, 82, 94, 1, 57, 169, 50, 59, 45, 52, 114, 119, 36, 67, 124, 41, 26, 106, 49, 97, 20, 60, 74, 17, 15, 159, 65, 70, 109, 95, 46, 29, 25, 93, 131, 22, 33, 140, 102, 62, 125, 40, 123, 130, 167, 42, 146, 10, 154, 139, 81, 103, 19, 116, 0, 101, 108, 135, 11, 48, 98, 90, 164, 162, 145, 51, 88, 137, 166, 76, 80, 18, 92, 39, 71, 118, 150, 161, 152, 113, 156, 79, 110, 129, 3, 105, 32, 134, 13, 2, 168, 155, 38, 72, 144, 77, 170, 78, 56, 8, 99, 121, 35, 28, 100, 37, 126]
null
Trial,6,Cluster,1,best result chain,[48, 157, 29, 43, 30, 63, 139, 5, 1, 151, 98, 0, 2, 110, 17, 68, 131, 140, 46, 35, 32, 23, 16, 118, 142, 18, 55, 92, 116, 147, 65, 141, 71, 11, 50, 7, 108, 107, 125, 105, 59, 61, 42, 27, 86, 153, 137, 79, 88, 90, 132, 82, 22, 99, 39, 25, 96, 72, 119, 38, 145, 49, 53, 129, 13, 37, 135, 70, 36, 101, 93, 14, 150, 77, 154, 80, 122, 57, 67, 158, 95, 10, 89, 47, 115, 138, 66, 94, 103, 124, 6, 51, 143, 8, 76, 121, 52, 24, 111, 19, 3, 4, 64, 60, 20, 127, 26, 31, 97, 133, 113, 15, 149, 126, 104, 91, 74, 144, 9, 81, 112, 41, 69, 45, 87, 120, 12, 83, 155, 109, 54, 73, 136, 33, 75, 84, 58, 148, 40, 62, 130, 56, 128, 134, 152, 106, 85, 34, 156, 21, 117, 123, 114, 146, 28, 44, 100, 78, 102]
null
Trial,6,Cluster,2,best result chain,[104, 92, 135, 78, 84, 28, 22, 129, 27, 115, 82, 23, 66, 139, 15, 143, 117, 121, 141, 116, 127, 70, 44, 54, 38, 86, 29, 124, 134, 98, 93, 138, 8, 56, 132, 120, 45, 107, 128, 131, 14, 112, 67, 57, 64, 118, 60, 42, 133, 61, 13, 3, 99, 85, 108, 69, 95, 20, 31, 89, 30, 6, 41, 5, 114, 119, 94, 88, 87, 100, 140, 130, 50, 101, 11, 59, 102, 113, 17, 79, 49, 0, 19, 26, 110, 74, 62, 2, 48, 4, 39, 103, 63, 83, 9, 123, 46, 72, 97, 10, 109, 68, 122, 47, 91, 36, 105, 1, 34, 52, 111, 106, 53, 142, 43, 81, 37, 73, 25, 76, 75, 35, 7, 12, 33, 80, 32, 71, 90, 136, 16, 21, 96, 24, 18, 58, 125, 40, 126, 51, 137, 65, 55, 77]
null
Trial,6,Cluster,3,best result chain,[25, 130, 137, 145, 73, 68, 29, 48, 131, 93, 120, 50, 61, 53, 150, 159, 104, 39, 8, 84, 40, 147, 114, 58, 57, 55, 87, 90, 21, 24, 119, 17, 105, 158, 96, 132, 46, 81, 128, 144, 32, 92, 101, 7, 23, 82, 134, 49, 100, 26, 112, 123, 37, 67, 44, 113, 106, 42, 89, 79, 60, 47, 71, 117, 11, 88, 22, 52, 18, 146, 66, 78, 115, 3, 139, 124, 64, 72, 154, 97, 140, 126, 13, 116, 33, 102, 109, 135, 51, 129, 118, 1, 65, 80, 45, 155, 127, 103, 91, 27, 121, 54, 76, 35, 74, 43, 108, 10, 36, 15, 62, 156, 125, 0, 63, 142, 77, 83, 30, 4, 16, 107, 152, 2, 19, 122, 95, 59, 98, 28, 110, 136, 157, 141, 41, 6, 75, 20, 12, 133, 85, 153, 38, 111, 148, 5, 138, 9, 34, 151, 14, 94, 99, 149, 70, 31, 143, 69, 56, 86, 160]
null
Trial,6,Cluster,4,best result chain,[7, 28, 118, 55, 42, 13, 145, 8, 72, 30, 138, 125, 140, 2, 92, 108, 40, 135, 88, 45, 110, 114, 26, 100, 141, 18, 41, 53, 86, 66, 119, 33, 103, 113, 15, 98, 16, 127, 75, 85, 87, 104, 71, 67, 4, 6, 22, 31, 27, 25, 137, 126, 82, 49, 97, 76, 24, 59, 23, 50, 143, 96, 77, 81, 80, 83, 37, 144, 128, 132, 1, 17, 134, 10, 78, 43, 142, 35, 91, 29, 64, 32, 54, 89, 84, 122, 130, 60, 39, 93, 112, 38, 136, 101, 90, 47, 65, 102, 69, 115, 139, 44, 109, 62, 48, 57, 121, 117, 0, 11, 129, 21, 105, 106, 52, 14, 124, 74, 3, 116, 61, 46, 19, 20, 94, 107, 131, 79, 73, 9, 99, 123, 58, 51, 34, 111, 120, 5, 95, 56, 36, 12, 63, 70, 68, 133]
null
Trial,6,Cluster,5,best result chain,[15, 25, 32, 5, 47, 13, 14, 17, 22, 50, 54, 10, 56, 49, 37, 48, 18, 36, 44, 30, 52, 57, 29, 34, 39, 35, 51, 55, 38, 31, 3, 0, 11, 24, 27, 19, 21, 4, 2, 8, 43, 41, 53, 7, 40, 33, 28, 20, 23, 12, 16, 45, 6, 42, 9, 26, 1, 46]
null
Trial,6,Cluster,6,best result chain,[90, 135, 89, 38, 112, 118, 77, 25, 9, 123, 124, 56, 100, 69, 81, 63, 44, 64, 37, 14, 3, 5, 138, 80, 60, 4, 11, 24, 28, 74, 49, 61, 136, 86, 120, 55, 16, 94, 92, 88, 142, 114, 102, 12, 34, 26, 126, 147, 140, 43, 68, 82, 29, 117, 91, 54, 127, 66, 133, 76, 50, 2, 101, 103, 145, 21, 33, 109, 46, 134, 111, 70, 129, 110, 1, 41, 51, 72, 36, 79, 62, 122, 13, 30, 53, 52, 128, 39, 22, 107, 58, 48, 8, 20, 139, 15, 45, 75, 42, 104, 121, 0, 116, 87, 6, 131, 59, 23, 137, 119, 96, 18, 27, 106, 67, 98, 125, 71, 65, 47, 83, 19, 115, 78, 73, 146, 7, 31, 141, 35, 132, 144, 113, 32, 93, 99, 108, 40, 105, 95, 85, 17, 10, 84, 130, 97, 57, 143]
null
Hamming_loss, 0.22824302134646962,0.19731800766283525,0.1863711001642036,0.1938349007314525,0.1939655172413793,0.1896551724137931,0.14367816091954022,
Exact_match, 0.0,0.0,0.0,0.0,0.0,0.0,0.0,
Accuracy, 0.12408502906841777,0.19826524185613395,0.22194228009352696,0.20752694702985555,0.2541937229437229,0.0,0.24242424242424243,
Averaging, 0.2986140025739827,0.33364907806443295,0.3451903933097744,0.33789734876613436,0.3534094019007812,0.27011494252873564,0.3662486938349008,