Trial,8,Cluster,0,best result chain,[116, 143, 79, 80, 102, 52, 22, 162, 120, 104, 154, 122, 3, 46, 126, 153, 112, 123, 59, 75, 150, 55, 99, 65, 49, 40, 67, 129, 62, 7, 157, 105, 34, 13, 77, 70, 111, 90, 2, 107, 89, 31, 156, 133, 27, 81, 76, 4, 94, 141, 148, 165, 83, 108, 131, 87, 61, 32, 60, 164, 25, 101, 173, 38, 98, 72, 106, 30, 118, 159, 109, 82, 42, 33, 151, 58, 54, 103, 125, 37, 117, 10, 130, 48, 41, 19, 160, 144, 152, 124, 5, 11, 110, 139, 26, 134, 113, 57, 145, 78, 28, 15, 127, 66, 0, 1, 163, 24, 20, 146, 128, 85, 140, 56, 69, 155, 169, 45, 138, 23, 21, 9, 6, 29, 35, 171, 18, 8, 167, 44, 95, 63, 161, 16, 135, 51, 170, 166, 92, 121, 86, 114, 97, 100, 93, 137, 91, 68, 53, 36, 142, 96, 50, 158, 147, 172, 136, 14, 132, 17, 168, 149, 71, 39, 115, 73, 12, 47, 88, 43, 74, 64, 84, 119]
null
Trial,8,Cluster,1,best result chain,[131, 54, 63, 105, 25, 95, 140, 27, 155, 149, 126, 154, 23, 108, 12, 41, 102, 160, 60, 73, 34, 162, 13, 21, 94, 147, 45, 17, 99, 48, 66, 104, 75, 117, 106, 70, 164, 61, 125, 127, 129, 35, 6, 5, 141, 79, 134, 148, 81, 47, 39, 172, 36, 113, 38, 0, 31, 78, 133, 87, 20, 98, 32, 15, 86, 152, 122, 121, 24, 7, 158, 53, 161, 88, 138, 151, 28, 101, 37, 132, 40, 150, 64, 3, 157, 49, 169, 145, 30, 85, 114, 92, 112, 166, 89, 72, 33, 80, 1, 107, 110, 119, 173, 62, 111, 167, 118, 11, 77, 171, 91, 139, 146, 90, 97, 51, 71, 18, 46, 128, 135, 16, 142, 2, 43, 29, 124, 143, 55, 123, 52, 136, 19, 76, 93, 170, 115, 137, 14, 165, 56, 10, 116, 44, 4, 58, 168, 83, 22, 159, 65, 153, 8, 109, 26, 82, 68, 156, 50, 84, 144, 67, 69, 130, 42, 163, 103, 74, 9, 120, 100, 96, 57, 59]
null
Trial,8,Cluster,2,best result chain,[70, 64, 44, 28, 24, 81, 71, 105, 7, 148, 96, 74, 97, 85, 165, 10, 141, 8, 157, 88, 60, 38, 75, 172, 56, 122, 65, 68, 33, 130, 13, 73, 77, 42, 128, 87, 94, 66, 120, 99, 54, 173, 52, 103, 1, 15, 159, 62, 109, 131, 100, 164, 80, 153, 170, 135, 124, 82, 47, 55, 6, 57, 91, 79, 154, 111, 113, 4, 121, 29, 14, 63, 116, 92, 31, 142, 84, 25, 118, 132, 150, 143, 152, 32, 50, 78, 20, 16, 163, 129, 93, 41, 12, 146, 169, 155, 171, 19, 162, 106, 127, 21, 117, 59, 18, 107, 30, 89, 108, 115, 34, 134, 67, 126, 110, 53, 95, 5, 104, 61, 145, 26, 101, 0, 40, 156, 39, 46, 51, 45, 2, 160, 167, 90, 11, 102, 133, 76, 158, 149, 166, 119, 151, 22, 36, 27, 140, 161, 147, 114, 3, 23, 112, 98, 48, 69, 37, 43, 72, 144, 125, 49, 123, 9, 86, 136, 138, 168, 139, 58, 17, 137, 83, 35]
null
Trial,8,Cluster,3,best result chain,[131, 172, 86, 37, 110, 58, 171, 53, 68, 82, 49, 0, 107, 106, 15, 109, 35, 42, 121, 51, 23, 88, 21, 150, 124, 5, 81, 154, 71, 87, 91, 14, 128, 113, 18, 126, 1, 112, 61, 162, 43, 56, 95, 160, 130, 170, 99, 66, 165, 9, 57, 85, 84, 141, 34, 102, 135, 100, 167, 122, 111, 31, 19, 139, 127, 60, 65, 3, 118, 80, 166, 134, 12, 101, 40, 28, 7, 26, 164, 47, 27, 55, 137, 97, 11, 50, 152, 161, 103, 93, 143, 129, 158, 44, 115, 2, 136, 38, 147, 69, 70, 63, 132, 169, 155, 140, 114, 73, 41, 157, 54, 98, 117, 77, 173, 83, 62, 59, 78, 151, 153, 46, 145, 48, 39, 74, 76, 29, 148, 104, 79, 142, 94, 144, 20, 67, 108, 6, 125, 32, 96, 138, 52, 22, 163, 146, 64, 33, 120, 24, 36, 105, 89, 90, 72, 16, 119, 159, 92, 149, 13, 168, 25, 45, 75, 17, 10, 116, 123, 4, 156, 30, 8, 133]
null
Trial,8,Cluster,4,best result chain,[47, 130, 86, 83, 106, 171, 143, 41, 23, 10, 134, 44, 173, 144, 136, 64, 148, 19, 122, 118, 58, 5, 59, 109, 92, 114, 17, 165, 81, 42, 172, 51, 71, 110, 168, 84, 61, 135, 50, 162, 22, 167, 170, 15, 87, 48, 82, 154, 77, 53, 49, 99, 160, 91, 70, 4, 145, 32, 138, 62, 1, 93, 96, 36, 63, 127, 74, 120, 75, 128, 147, 159, 18, 7, 78, 65, 98, 102, 52, 6, 124, 107, 140, 131, 142, 101, 56, 38, 13, 16, 9, 28, 104, 45, 123, 119, 137, 97, 57, 85, 43, 20, 67, 73, 117, 3, 152, 146, 24, 95, 72, 55, 29, 149, 79, 121, 26, 11, 150, 31, 88, 163, 169, 39, 27, 115, 141, 68, 153, 0, 132, 12, 80, 89, 164, 111, 8, 112, 126, 108, 129, 166, 35, 157, 33, 14, 21, 25, 151, 100, 105, 34, 37, 155, 158, 139, 2, 156, 125, 133, 66, 54, 60, 113, 69, 103, 40, 30, 76, 46, 116, 161, 90, 94]
null
Trial,8,Cluster,5,best result chain,[112, 116, 141, 17, 19, 157, 131, 120, 130, 48, 65, 14, 25, 145, 111, 8, 28, 27, 86, 75, 56, 83, 118, 35, 54, 9, 166, 42, 71, 12, 7, 63, 76, 160, 73, 22, 121, 55, 82, 39, 107, 74, 162, 81, 57, 164, 87, 18, 172, 11, 99, 72, 91, 37, 146, 167, 154, 51, 88, 90, 32, 85, 68, 77, 92, 149, 128, 10, 163, 6, 140, 96, 30, 168, 93, 152, 98, 105, 41, 143, 100, 135, 21, 38, 126, 44, 34, 95, 132, 53, 43, 148, 33, 114, 170, 80, 161, 124, 101, 129, 67, 36, 24, 125, 29, 136, 15, 115, 150, 173, 26, 70, 165, 97, 110, 45, 144, 108, 153, 139, 79, 169, 94, 5, 134, 46, 127, 64, 84, 13, 50, 159, 62, 0, 20, 122, 156, 49, 137, 52, 117, 58, 109, 31, 103, 47, 119, 147, 106, 102, 138, 133, 89, 113, 104, 40, 171, 59, 1, 142, 61, 4, 155, 3, 123, 78, 23, 60, 16, 151, 2, 66, 158, 69]
null
Trial,8,Cluster,6,best result chain,[143, 75, 2, 171, 151, 64, 84, 81, 27, 89, 106, 87, 6, 33, 16, 107, 28, 21, 26, 173, 124, 52, 161, 123, 115, 141, 48, 130, 127, 170, 7, 142, 116, 111, 25, 113, 166, 49, 129, 150, 105, 61, 20, 51, 10, 76, 147, 133, 32, 168, 82, 88, 8, 22, 149, 114, 95, 66, 101, 125, 38, 131, 136, 93, 86, 92, 78, 53, 59, 160, 34, 45, 58, 99, 44, 148, 121, 102, 65, 30, 57, 122, 60, 135, 152, 23, 11, 117, 104, 172, 42, 97, 62, 140, 108, 119, 77, 137, 14, 15, 5, 154, 80, 72, 120, 31, 157, 39, 94, 4, 68, 128, 98, 159, 41, 12, 9, 70, 35, 17, 24, 132, 155, 126, 56, 50, 63, 36, 85, 156, 46, 146, 163, 138, 71, 29, 3, 79, 109, 96, 165, 91, 40, 169, 83, 164, 145, 74, 18, 139, 73, 162, 158, 55, 167, 43, 134, 37, 110, 100, 19, 103, 47, 90, 54, 153, 13, 112, 118, 144, 0, 1, 67, 69]
null
Hamming_loss, 0.1715927750410509,0.1992337164750958,0.1724137931034483,0.21839080459770116,0.18773946360153257,0.17816091954022992,0.1839080459770115,
Exact_match, 0.0,0.0,0.0,0.0,0.0,0.0,0.0,
Accuracy, 0.19045340624287993,0.20478439978439977,0.22284257462168558,0.17278149999958314,0.20264984212800438,0.22611962505579528,0.15789473684210525,
Averaging, 0.3396202104006097,0.3351835611031013,0.3501429271727458,0.3181302318006273,0.3383034595088239,0.3493195685051884,0.3246622302883646,