Trial,8,Cluster,0,best result chain,[55, 90, 142, 141, 128, 61, 156, 52, 111, 68, 7, 81, 70, 77, 148, 113, 98, 163, 24, 153, 25, 47, 106, 72, 34, 160, 120, 19, 27, 155, 100, 44, 65, 18, 76, 152, 31, 63, 35, 166, 20, 95, 151, 132, 66, 1, 15, 146, 28, 54, 123, 79, 92, 107, 129, 73, 51, 53, 133, 104, 45, 154, 118, 49, 14, 56, 137, 110, 74, 121, 115, 2, 134, 36, 145, 69, 108, 37, 60, 42, 144, 22, 158, 84, 112, 59, 97, 149, 109, 161, 13, 139, 122, 9, 17, 78, 93, 26, 99, 96, 103, 16, 58, 167, 125, 130, 3, 6, 30, 136, 91, 127, 88, 50, 140, 101, 21, 71, 147, 119, 43, 39, 83, 80, 117, 135, 157, 89, 67, 4, 38, 150, 126, 46, 32, 48, 10, 85, 75, 29, 116, 102, 105, 64, 94, 87, 114, 124, 12, 0, 11, 40, 33, 138, 131, 82, 23, 8, 165, 168, 57, 62, 86, 41, 162, 143, 5, 164, 159]
null
Trial,8,Cluster,1,best result chain,[18, 109, 72, 56, 10, 1, 45, 55, 86, 28, 15, 50, 52, 43, 69, 14, 63, 2, 103, 64, 88, 93, 83, 34, 24, 91, 44, 47, 97, 58, 92, 6, 16, 39, 89, 74, 77, 27, 49, 8, 54, 29, 76, 107, 66, 105, 75, 13, 20, 60, 65, 71, 110, 102, 12, 30, 100, 61, 17, 59, 80, 79, 70, 106, 41, 96, 26, 35, 21, 48, 36, 23, 90, 51, 95, 53, 111, 101, 37, 32, 67, 112, 98, 3, 78, 85, 104, 94, 4, 42, 87, 57, 81, 7, 9, 5, 40, 31, 22, 108, 38, 19, 0, 25, 46, 68, 62, 11, 33, 99, 84, 82, 73]
null
Trial,8,Cluster,2,best result chain,[50, 109, 120, 59, 153, 116, 30, 128, 77, 152, 75, 36, 96, 100, 72, 99, 86, 4, 37, 146, 85, 12, 113, 53, 82, 105, 95, 134, 124, 154, 71, 8, 46, 126, 57, 84, 90, 121, 33, 27, 44, 25, 106, 26, 15, 45, 63, 28, 11, 115, 88, 43, 142, 35, 141, 17, 143, 74, 81, 20, 38, 148, 101, 42, 112, 29, 24, 150, 55, 80, 145, 87, 41, 156, 13, 64, 67, 122, 65, 40, 155, 108, 138, 135, 5, 103, 66, 16, 123, 92, 32, 49, 39, 51, 104, 98, 89, 47, 60, 0, 68, 93, 58, 151, 136, 83, 140, 10, 9, 61, 149, 76, 94, 97, 117, 54, 6, 114, 102, 62, 18, 133, 91, 56, 131, 69, 21, 127, 22, 52, 110, 70, 1, 137, 7, 139, 118, 31, 14, 107, 3, 144, 129, 119, 23, 73, 130, 48, 111, 132, 147, 79, 2, 19, 78, 34, 125]
null
Trial,8,Cluster,3,best result chain,[54, 88, 58, 101, 109, 8, 42, 21, 56, 57, 30, 102, 32, 121, 35, 95, 114, 60, 20, 49, 124, 74, 45, 67, 116, 44, 123, 104, 47, 39, 31, 19, 10, 29, 127, 63, 50, 22, 36, 64, 68, 6, 61, 11, 99, 34, 92, 111, 59, 66, 81, 90, 46, 53, 119, 125, 0, 43, 98, 79, 15, 83, 78, 97, 40, 52, 105, 91, 112, 77, 37, 71, 87, 1, 55, 89, 25, 118, 113, 94, 93, 3, 38, 62, 117, 108, 65, 41, 14, 100, 122, 2, 4, 17, 96, 126, 69, 82, 84, 33, 75, 13, 120, 106, 73, 12, 70, 115, 80, 28, 103, 110, 7, 76, 5, 107, 85, 27, 26, 18, 72, 48, 16, 24, 23, 9, 86, 51]
null
Trial,8,Cluster,4,best result chain,[117, 70, 41, 8, 75, 47, 50, 103, 98, 109, 5, 23, 28, 67, 93, 33, 71, 59, 39, 65, 49, 116, 69, 73, 21, 51, 114, 22, 4, 25, 123, 20, 9, 91, 57, 124, 68, 125, 30, 81, 19, 74, 40, 104, 121, 61, 35, 113, 84, 7, 87, 78, 120, 88, 55, 85, 89, 111, 42, 72, 101, 58, 100, 37, 10, 96, 54, 3, 60, 110, 86, 95, 17, 38, 102, 53, 52, 82, 32, 29, 48, 34, 1, 0, 18, 64, 31, 92, 66, 27, 15, 122, 11, 24, 43, 36, 115, 80, 119, 6, 112, 106, 105, 83, 118, 107, 56, 76, 12, 44, 26, 90, 16, 45, 94, 63, 79, 62, 2, 13, 14, 97, 108, 77, 99, 46]
null
Trial,8,Cluster,5,best result chain,[98, 16, 123, 51, 155, 124, 50, 111, 117, 47, 139, 46, 44, 113, 2, 114, 106, 135, 144, 116, 9, 72, 34, 85, 121, 53, 151, 12, 149, 78, 141, 26, 140, 55, 65, 74, 102, 112, 93, 37, 95, 138, 137, 32, 89, 84, 25, 5, 109, 35, 104, 27, 122, 24, 52, 22, 18, 105, 132, 118, 14, 63, 21, 136, 91, 94, 56, 103, 101, 8, 115, 7, 153, 69, 80, 145, 100, 71, 13, 150, 19, 62, 40, 45, 96, 129, 86, 36, 99, 128, 77, 97, 126, 31, 108, 59, 15, 107, 67, 49, 83, 60, 43, 6, 20, 33, 66, 154, 119, 3, 30, 79, 48, 75, 146, 1, 76, 143, 125, 88, 61, 131, 29, 28, 152, 147, 57, 58, 81, 38, 142, 4, 110, 54, 87, 41, 73, 134, 70, 10, 130, 148, 0, 82, 42, 90, 127, 92, 64, 11, 120, 133, 68, 23, 17, 39]
null
Trial,8,Cluster,6,best result chain,[25, 67, 89, 91, 93, 38, 28, 46, 37, 6, 58, 92, 3, 97, 57, 59, 96, 95, 98, 39, 13, 69, 77, 71, 35, 76, 90, 102, 19, 83, 75, 31, 70, 22, 14, 110, 44, 33, 1, 108, 48, 24, 47, 55, 29, 40, 56, 10, 41, 0, 2, 79, 74, 63, 85, 18, 43, 72, 32, 73, 88, 20, 54, 87, 49, 106, 51, 9, 5, 84, 27, 7, 60, 68, 16, 62, 65, 15, 23, 100, 99, 86, 17, 107, 80, 78, 94, 42, 45, 82, 64, 103, 105, 61, 30, 50, 8, 109, 12, 26, 52, 36, 21, 53, 104, 34, 4, 66, 11, 81, 101]
null
Trial,8,Cluster,7,best result chain,[120, 22, 27, 71, 77, 121, 37, 62, 5, 125, 41, 69, 70, 50, 8, 81, 30, 91, 44, 111, 78, 80, 119, 29, 24, 95, 79, 15, 14, 128, 66, 105, 88, 1, 20, 116, 6, 40, 74, 118, 48, 52, 38, 126, 108, 83, 23, 63, 42, 36, 99, 60, 25, 10, 31, 90, 68, 109, 94, 76, 45, 11, 49, 92, 96, 127, 61, 82, 43, 100, 114, 3, 17, 117, 2, 85, 57, 33, 87, 59, 21, 65, 93, 13, 28, 54, 39, 53, 115, 12, 112, 0, 102, 26, 101, 56, 89, 72, 97, 7, 46, 67, 16, 64, 55, 103, 84, 122, 123, 106, 35, 110, 9, 32, 107, 58, 19, 73, 98, 4, 86, 104, 18, 129, 51, 75, 47, 124, 34, 113]
null
Hamming_loss, 0.1568144499178982,0.17049808429118773,0.2114942528735632,0.22733077905491703,0.20498084291187738,0.16475095785440616,0.13218390804597702,
Exact_match, 0.0,0.0,0.0,0.0,0.0,0.0,0.0,
Accuracy, 0.235337769413471,0.2056064415864779,0.1548583729054816,0.17216194895901407,0.20284052882837078,0.21085946573751455,0.23333333333333334,
Averaging, 0.35950777316519095,0.34503611909843007,0.3144547066773062,0.31494372330136566,0.3326198953054978,0.3487028359610361,0.3670498084291188,