Trial,7,Cluster,0,best result chain,[42, 71, 10, 36, 84, 128, 55, 78, 131, 107, 104, 19, 92, 101, 81, 46, 89, 17, 117, 13, 94, 143, 120, 145, 8, 14, 130, 72, 95, 121, 9, 75, 58, 25, 22, 56, 139, 23, 50, 124, 112, 67, 39, 134, 45, 74, 26, 33, 68, 87, 35, 16, 24, 114, 113, 109, 29, 108, 61, 69, 28, 123, 11, 7, 59, 122, 73, 4, 70, 132, 64, 65, 126, 34, 66, 43, 98, 102, 38, 21, 15, 103, 77, 79, 142, 5, 105, 99, 53, 100, 127, 111, 83, 6, 12, 140, 51, 96, 133, 136, 37, 20, 54, 44, 27, 30, 52, 110, 106, 18, 129, 144, 115, 90, 138, 63, 119, 137, 88, 0, 49, 32, 86, 97, 60, 62, 141, 47, 41, 1, 85, 125, 118, 76, 2, 116, 57, 82, 93, 48, 80, 40, 91, 31, 3, 135]
Trial,7,Cluster,1,best result chain,[51, 88, 42, 119, 55, 115, 105, 50, 100, 121, 59, 78, 46, 17, 14, 5, 77, 86, 95, 35, 23, 79, 0, 80, 85, 39, 90, 3, 67, 48, 81, 104, 44, 109, 76, 84, 82, 72, 53, 56, 70, 107, 98, 112, 64, 49, 36, 73, 108, 10, 83, 60, 30, 40, 118, 103, 24, 31, 41, 18, 16, 75, 47, 22, 33, 99, 113, 27, 58, 65, 89, 26, 97, 37, 92, 61, 28, 57, 71, 13, 63, 120, 66, 7, 114, 94, 74, 93, 29, 69, 117, 11, 4, 38, 52, 68, 45, 116, 34, 101, 43, 102, 2, 62, 106, 6, 91, 96, 20, 110, 87, 111, 1, 8, 19, 25, 12, 21, 9, 15, 32, 54]
Trial,7,Cluster,2,best result chain,[100, 50, 85, 60, 59, 108, 90, 96, 116, 0, 17, 4, 20, 101, 1, 11, 82, 18, 55, 27, 47, 30, 99, 44, 51, 117, 118, 121, 13, 46, 15, 36, 19, 81, 9, 28, 97, 58, 31, 78, 83, 29, 66, 62, 14, 42, 109, 119, 113, 57, 93, 35, 94, 80, 64, 67, 86, 106, 61, 89, 22, 43, 2, 70, 6, 23, 103, 21, 105, 7, 32, 33, 38, 56, 102, 74, 88, 115, 48, 24, 41, 110, 26, 95, 63, 65, 107, 10, 37, 45, 73, 91, 8, 69, 98, 120, 53, 112, 77, 16, 71, 5, 111, 12, 54, 52, 49, 92, 75, 114, 34, 76, 3, 104, 40, 68, 84, 79, 87, 25, 39, 72]
Trial,7,Cluster,3,best result chain,[26, 29, 41, 55, 59, 40, 15, 24, 13, 84, 64, 22, 81, 72, 90, 78, 60, 44, 91, 67, 92, 63, 94, 57, 6, 5, 88, 21, 58, 53, 16, 50, 80, 45, 9, 79, 4, 89, 33, 61, 23, 51, 70, 100, 2, 36, 0, 12, 37, 69, 77, 30, 46, 83, 20, 38, 3, 48, 62, 68, 42, 65, 27, 11, 73, 17, 25, 49, 52, 85, 14, 56, 95, 66, 19, 28, 1, 74, 7, 54, 86, 76, 96, 32, 98, 71, 75, 10, 97, 47, 18, 31, 99, 87, 43, 8, 39, 34, 93, 35, 82]
Trial,7,Cluster,4,best result chain,[45, 46, 85, 24, 51, 11, 54, 62, 49, 55, 88, 7, 23, 104, 122, 50, 30, 123, 41, 82, 84, 121, 106, 117, 1, 97, 40, 87, 83, 18, 15, 102, 48, 78, 74, 80, 69, 63, 111, 47, 86, 52, 16, 44, 33, 95, 43, 98, 118, 81, 72, 20, 29, 71, 92, 76, 36, 99, 110, 42, 68, 79, 105, 66, 93, 9, 8, 13, 64, 10, 17, 91, 28, 3, 67, 61, 77, 112, 35, 4, 75, 19, 70, 22, 100, 37, 94, 120, 59, 58, 39, 101, 119, 116, 26, 12, 107, 57, 27, 90, 114, 32, 65, 96, 38, 21, 103, 53, 34, 6, 73, 14, 113, 56, 115, 109, 25, 89, 2, 31, 108, 5, 0, 60]
Trial,7,Cluster,5,best result chain,[118, 71, 88, 117, 64, 44, 89, 20, 12, 56, 26, 41, 54, 8, 51, 91, 22, 68, 113, 70, 0, 61, 37, 25, 50, 65, 47, 97, 58, 74, 36, 27, 4, 6, 90, 81, 107, 96, 55, 115, 43, 84, 83, 23, 5, 79, 104, 116, 32, 78, 46, 52, 119, 92, 62, 86, 85, 59, 31, 14, 112, 72, 102, 109, 110, 100, 13, 49, 40, 80, 77, 66, 98, 24, 15, 38, 34, 82, 10, 75, 9, 7, 48, 114, 21, 111, 18, 2, 87, 105, 30, 57, 28, 108, 3, 76, 35, 11, 53, 69, 101, 60, 63, 45, 17, 94, 16, 33, 99, 67, 103, 29, 93, 39, 19, 95, 42, 73, 106, 1]
Trial,7,Cluster,6,best result chain,[20, 1, 77, 108, 116, 90, 60, 126, 103, 37, 28, 45, 110, 53, 43, 50, 9, 78, 97, 19, 137, 6, 63, 25, 85, 128, 40, 82, 122, 0, 131, 105, 81, 21, 138, 3, 99, 127, 130, 27, 49, 70, 58, 39, 4, 75, 73, 22, 68, 121, 136, 41, 54, 117, 65, 101, 141, 56, 13, 7, 64, 102, 93, 132, 71, 17, 139, 46, 147, 86, 12, 47, 76, 57, 29, 134, 23, 33, 35, 11, 14, 100, 118, 16, 125, 106, 30, 107, 18, 26, 44, 87, 15, 144, 98, 59, 88, 113, 95, 69, 61, 84, 146, 38, 104, 96, 111, 5, 34, 36, 89, 91, 145, 124, 62, 2, 31, 79, 140, 48, 120, 92, 129, 67, 115, 119, 55, 52, 114, 94, 133, 112, 143, 135, 42, 10, 72, 83, 80, 74, 8, 32, 51, 24, 109, 66, 142, 123]
Trial,7,Cluster,7,best result chain,[44, 83, 31, 12, 22, 70, 56, 84, 110, 1, 46, 107, 104, 9, 82, 6, 14, 52, 53, 63, 37, 93, 5, 60, 78, 90, 86, 111, 57, 25, 4, 69, 45, 65, 73, 19, 72, 97, 95, 17, 81, 105, 58, 15, 79, 67, 34, 87, 21, 68, 36, 8, 99, 33, 40, 94, 23, 30, 55, 13, 112, 29, 41, 28, 39, 43, 85, 96, 2, 74, 11, 102, 32, 100, 7, 42, 91, 59, 49, 75, 3, 16, 88, 66, 47, 103, 51, 106, 62, 101, 76, 38, 48, 24, 18, 10, 20, 80, 108, 109, 61, 77, 27, 89, 98, 26, 35, 0, 50, 71, 54, 64, 92]
Hamming_loss, 0.299953837731638
Exact_match, 0.0
Accuracy, 0.24793836876072237
Averaging, 0.3636138912954091