Trial,7,Cluster,0,best result chain,[3, 7, 68, 16, 89, 170, 164, 144, 34, 94, 115, 105, 2, 65, 92, 23, 86, 135, 118, 107, 125, 29, 76, 38, 140, 128, 166, 59, 121, 103, 85, 161, 33, 52, 143, 168, 4, 26, 41, 45, 36, 146, 167, 78, 154, 43, 42, 51, 116, 71, 108, 20, 40, 62, 136, 56, 46, 12, 39, 101, 163, 162, 13, 5, 11, 173, 145, 79, 25, 111, 130, 67, 66, 158, 48, 61, 75, 123, 22, 99, 69, 60, 0, 80, 21, 83, 97, 54, 133, 70, 30, 81, 82, 15, 139, 129, 124, 110, 117, 93, 95, 114, 132, 141, 113, 109, 28, 10, 172, 98, 14, 138, 24, 104, 6, 100, 37, 73, 19, 32, 91, 74, 58, 64, 126, 49, 152, 157, 149, 57, 31, 63, 106, 88, 9, 155, 8, 119, 96, 53, 1, 127, 156, 150, 131, 47, 77, 120, 72, 27, 112, 18, 50, 159, 122, 147, 84, 102, 148, 160, 90, 153, 134, 137, 165, 35, 169, 151, 171, 87, 44, 17, 142, 55]
null
Trial,7,Cluster,1,best result chain,[116, 7, 59, 117, 169, 28, 19, 56, 1, 119, 26, 141, 161, 20, 100, 83, 148, 62, 60, 156, 107, 0, 78, 24, 150, 29, 6, 5, 128, 147, 96, 162, 91, 173, 51, 114, 168, 166, 11, 163, 89, 102, 84, 103, 66, 105, 18, 81, 48, 129, 74, 23, 164, 140, 27, 21, 149, 88, 67, 71, 12, 154, 93, 95, 69, 25, 124, 139, 109, 126, 122, 110, 34, 33, 137, 22, 146, 159, 77, 39, 106, 120, 111, 2, 136, 37, 35, 94, 54, 112, 8, 38, 131, 142, 57, 160, 41, 121, 118, 16, 153, 134, 79, 127, 132, 85, 10, 170, 104, 58, 4, 36, 144, 155, 90, 133, 31, 76, 165, 44, 49, 75, 87, 50, 115, 125, 15, 145, 171, 17, 123, 53, 135, 86, 32, 101, 9, 46, 43, 45, 108, 80, 14, 42, 68, 143, 130, 113, 157, 30, 3, 72, 92, 52, 158, 167, 63, 47, 13, 99, 70, 97, 64, 40, 73, 98, 61, 172, 55, 152, 151, 65, 82, 138]
null
Trial,7,Cluster,2,best result chain,[16, 70, 132, 57, 10, 38, 153, 36, 23, 150, 109, 2, 34, 24, 130, 98, 60, 0, 103, 158, 119, 46, 26, 85, 74, 151, 118, 152, 138, 104, 30, 155, 59, 44, 83, 53, 111, 144, 72, 133, 114, 79, 140, 71, 115, 31, 146, 75, 81, 84, 131, 93, 5, 124, 136, 139, 128, 105, 21, 89, 11, 110, 170, 173, 137, 157, 154, 20, 55, 165, 166, 13, 99, 169, 82, 12, 8, 167, 37, 145, 15, 43, 116, 78, 68, 39, 171, 122, 67, 106, 25, 63, 149, 19, 76, 100, 6, 148, 86, 54, 41, 120, 168, 143, 142, 27, 1, 135, 88, 51, 80, 77, 161, 163, 126, 123, 49, 29, 92, 32, 108, 127, 172, 69, 35, 45, 9, 96, 73, 164, 162, 125, 102, 61, 33, 117, 3, 65, 17, 7, 97, 159, 40, 52, 113, 121, 95, 50, 134, 22, 129, 94, 47, 91, 160, 48, 58, 147, 141, 87, 4, 112, 156, 62, 14, 64, 56, 18, 42, 90, 107, 28, 101, 66]
null
Trial,7,Cluster,3,best result chain,[17, 163, 156, 65, 72, 13, 110, 39, 15, 171, 29, 113, 24, 44, 8, 88, 50, 41, 85, 23, 2, 151, 1, 49, 67, 164, 172, 55, 33, 129, 119, 122, 80, 0, 142, 145, 77, 3, 160, 69, 104, 170, 51, 127, 40, 59, 128, 21, 97, 136, 95, 120, 32, 64, 108, 31, 9, 166, 116, 92, 47, 48, 140, 11, 137, 105, 99, 61, 114, 76, 162, 168, 91, 154, 131, 141, 28, 6, 153, 169, 125, 159, 66, 94, 134, 54, 149, 111, 173, 103, 87, 147, 121, 101, 144, 146, 63, 4, 155, 75, 43, 102, 34, 42, 68, 96, 124, 157, 73, 37, 53, 158, 143, 86, 12, 26, 82, 126, 83, 84, 98, 22, 135, 106, 89, 62, 74, 117, 112, 132, 60, 118, 152, 81, 133, 18, 38, 27, 71, 150, 130, 7, 52, 109, 20, 107, 36, 10, 115, 79, 123, 100, 45, 56, 58, 30, 148, 138, 165, 139, 5, 16, 57, 25, 70, 19, 161, 46, 167, 14, 93, 90, 35, 78]
null
Trial,7,Cluster,4,best result chain,[52, 81, 50, 159, 21, 146, 26, 153, 31, 48, 89, 7, 53, 24, 76, 109, 63, 2, 69, 37, 166, 116, 96, 130, 45, 79, 13, 151, 42, 8, 56, 104, 14, 107, 144, 49, 121, 57, 66, 114, 15, 98, 32, 71, 92, 58, 108, 82, 103, 119, 145, 55, 36, 149, 80, 160, 29, 9, 157, 41, 30, 20, 125, 4, 85, 111, 128, 155, 100, 19, 164, 27, 84, 173, 97, 102, 171, 25, 5, 40, 106, 135, 136, 126, 132, 93, 120, 70, 170, 127, 10, 105, 62, 95, 39, 150, 169, 148, 23, 59, 118, 38, 90, 28, 16, 142, 143, 75, 158, 3, 1, 51, 154, 115, 167, 140, 87, 91, 67, 22, 131, 101, 162, 152, 156, 134, 172, 122, 124, 64, 73, 99, 68, 86, 47, 117, 123, 94, 46, 11, 141, 43, 138, 12, 110, 74, 112, 35, 165, 33, 72, 88, 113, 17, 0, 129, 161, 147, 54, 34, 139, 61, 60, 168, 18, 83, 78, 163, 65, 44, 137, 6, 133, 77]
null
Trial,7,Cluster,5,best result chain,[164, 40, 81, 68, 82, 101, 20, 133, 44, 150, 92, 84, 60, 107, 137, 23, 125, 87, 79, 148, 128, 56, 93, 118, 100, 75, 119, 117, 173, 6, 53, 16, 83, 46, 26, 5, 62, 97, 109, 47, 45, 32, 85, 51, 59, 132, 141, 94, 22, 43, 144, 167, 76, 96, 136, 105, 65, 58, 71, 172, 25, 0, 155, 49, 110, 162, 116, 131, 31, 169, 3, 106, 50, 124, 163, 2, 115, 122, 55, 4, 158, 17, 64, 18, 145, 170, 130, 15, 67, 37, 39, 24, 160, 78, 7, 29, 8, 12, 127, 121, 73, 98, 159, 153, 165, 139, 88, 138, 135, 143, 147, 86, 95, 52, 36, 156, 151, 41, 120, 77, 1, 61, 89, 114, 108, 69, 57, 171, 42, 9, 168, 123, 28, 161, 80, 27, 134, 91, 74, 102, 63, 103, 154, 66, 70, 13, 30, 166, 146, 113, 140, 99, 38, 152, 129, 21, 34, 72, 157, 48, 14, 104, 111, 112, 19, 35, 10, 90, 149, 11, 54, 126, 33, 142]
null
Trial,7,Cluster,6,best result chain,[11, 150, 92, 26, 19, 153, 118, 110, 163, 101, 27, 35, 141, 155, 49, 6, 0, 81, 75, 66, 79, 104, 103, 158, 97, 167, 114, 77, 129, 5, 172, 70, 72, 83, 62, 52, 80, 107, 39, 120, 96, 143, 122, 125, 73, 43, 126, 164, 85, 46, 21, 91, 149, 90, 32, 22, 131, 152, 17, 2, 121, 162, 61, 88, 74, 168, 111, 115, 53, 14, 24, 37, 57, 30, 159, 128, 15, 144, 7, 113, 132, 1, 76, 82, 71, 69, 16, 137, 95, 9, 34, 94, 170, 64, 4, 18, 140, 23, 40, 41, 109, 147, 171, 169, 124, 173, 108, 161, 157, 47, 123, 133, 146, 136, 58, 160, 50, 127, 99, 84, 117, 55, 54, 102, 112, 86, 65, 8, 145, 10, 105, 106, 138, 60, 51, 156, 45, 31, 154, 93, 12, 151, 166, 116, 29, 28, 134, 25, 165, 78, 38, 87, 56, 98, 59, 48, 119, 13, 142, 3, 130, 135, 33, 20, 89, 67, 42, 44, 148, 100, 68, 139, 36, 63]
null
Trial,7,Cluster,7,best result chain,[104, 13, 146, 127, 85, 167, 32, 137, 75, 103, 43, 151, 119, 98, 87, 89, 45, 36, 143, 54, 138, 11, 86, 163, 8, 19, 99, 56, 76, 40, 110, 69, 170, 90, 161, 26, 21, 37, 9, 120, 25, 68, 164, 148, 74, 159, 101, 142, 105, 155, 125, 42, 57, 70, 111, 172, 92, 6, 144, 67, 64, 20, 116, 121, 2, 60, 38, 50, 16, 18, 31, 22, 71, 77, 30, 29, 107, 131, 14, 84, 166, 62, 0, 12, 108, 3, 91, 141, 128, 61, 169, 10, 39, 72, 129, 133, 96, 118, 100, 35, 55, 23, 162, 102, 83, 124, 112, 158, 24, 140, 52, 136, 171, 113, 152, 135, 154, 134, 160, 53, 66, 65, 63, 126, 58, 33, 130, 95, 48, 156, 88, 149, 44, 49, 15, 5, 27, 109, 17, 106, 46, 114, 93, 122, 51, 1, 34, 73, 97, 150, 7, 145, 173, 47, 165, 28, 157, 81, 153, 139, 82, 78, 59, 79, 123, 168, 132, 115, 117, 41, 94, 147, 4, 80]
null
Trial,7,Cluster,8,best result chain,[84, 43, 41, 46, 20, 34, 83, 23, 32, 164, 109, 22, 123, 172, 169, 112, 17, 7, 97, 160, 82, 58, 126, 85, 63, 173, 59, 78, 99, 145, 73, 81, 5, 44, 170, 80, 61, 69, 167, 10, 45, 27, 29, 11, 129, 51, 125, 150, 120, 107, 140, 4, 3, 104, 40, 93, 119, 147, 8, 55, 98, 135, 142, 117, 158, 152, 15, 66, 165, 56, 137, 52, 24, 118, 1, 38, 70, 96, 102, 0, 159, 57, 128, 127, 68, 47, 157, 42, 155, 2, 101, 18, 103, 133, 162, 131, 168, 115, 166, 95, 75, 30, 163, 89, 65, 161, 39, 64, 21, 144, 9, 48, 76, 110, 153, 88, 62, 67, 171, 16, 36, 74, 130, 94, 37, 134, 35, 124, 100, 149, 148, 53, 12, 139, 31, 116, 132, 151, 136, 111, 108, 72, 19, 105, 106, 71, 33, 114, 156, 86, 13, 146, 113, 79, 50, 54, 25, 143, 14, 90, 49, 87, 122, 138, 92, 121, 141, 60, 154, 26, 6, 28, 77, 91]
null
Hamming_loss, 0.1810344827586207,0.1683087027914614,0.2029454022988506,0.19331243469174506,0.22772988505747127,0.20689655172413793,0.21264367816091953,
Exact_match, 0.0,0.0,0.0,0.0,0.0,0.0,0.0,
Accuracy, 0.14751552795031056,0.28496931692750593,0.15148562443695957,0.1861510481894645,0.1602050320613111,0.1700984200984201,0.1585557299843014,
Averaging, 0.32216034839722996,0.3722202047120149,0.3161800740460363,0.3309462044992398,0.31082504900127994,0.3210672894580941,0.3153040172744606,