Trial,1,Cluster,0,best result chain,[78, 29, 34, 87, 100, 20, 28, 111, 112, 58, 25, 92, 1, 13, 82, 32, 12, 33, 35, 48, 27, 68, 113, 16, 3, 56, 47, 64, 62, 86, 8, 84, 83, 95, 52, 59, 44, 40, 55, 41, 104, 4, 117, 88, 42, 114, 30, 43, 18, 15, 85, 63, 90, 105, 67, 17, 10, 110, 93, 61, 65, 71, 75, 39, 36, 76, 50, 37, 51, 54, 101, 19, 46, 79, 66, 115, 102, 31, 72, 107, 96, 23, 45, 108, 91, 0, 109, 11, 81, 73, 116, 38, 77, 97, 14, 70, 98, 119, 103, 7, 99, 74, 89, 21, 80, 9, 69, 60, 53, 106, 2, 118, 24, 94, 49, 120, 5, 22, 26, 57, 6]
Trial,1,Cluster,1,best result chain,[96, 46, 11, 34, 83, 32, 85, 84, 108, 75, 39, 63, 56, 60, 70, 91, 64, 68, 93, 47, 8, 89, 9, 28, 87, 88, 41, 42, 20, 99, 100, 4, 59, 104, 43, 92, 82, 101, 78, 67, 72, 17, 112, 110, 10, 86, 6, 2, 53, 35, 111, 36, 50, 76, 40, 97, 25, 21, 5, 30, 7, 22, 95, 24, 15, 33, 1, 52, 51, 23, 94, 54, 103, 27, 38, 61, 62, 48, 45, 19, 66, 105, 65, 37, 57, 26, 79, 71, 80, 109, 49, 73, 69, 14, 16, 77, 81, 58, 106, 0, 31, 18, 107, 13, 29, 102, 98, 74, 55, 3, 12, 44, 90]
Trial,1,Cluster,2,best result chain,[120, 7, 30, 114, 88, 48, 77, 64, 145, 89, 24, 47, 35, 112, 104, 140, 28, 65, 40, 13, 49, 29, 107, 135, 78, 119, 46, 93, 100, 142, 139, 81, 36, 72, 51, 21, 148, 66, 62, 99, 39, 126, 3, 103, 31, 105, 98, 121, 125, 44, 50, 123, 33, 8, 85, 38, 61, 74, 76, 75, 57, 25, 128, 110, 109, 34, 45, 56, 1, 71, 84, 133, 20, 60, 79, 108, 17, 15, 32, 132, 18, 113, 129, 146, 69, 96, 22, 0, 92, 59, 70, 19, 97, 26, 9, 10, 91, 95, 122, 52, 23, 131, 130, 143, 5, 101, 54, 134, 42, 118, 68, 138, 73, 87, 102, 82, 136, 124, 11, 115, 63, 147, 127, 16, 144, 137, 27, 55, 83, 41, 111, 2, 86, 12, 43, 14, 117, 90, 141, 94, 58, 116, 67, 80, 6, 106, 53, 4, 37]
Trial,1,Cluster,3,best result chain,[13, 32, 25, 58, 63, 48, 9, 33, 2, 18, 15, 11, 56, 5, 12, 35, 8, 45, 7, 49, 43, 44, 30, 29, 10, 6, 26, 41, 19, 39, 53, 28, 61, 54, 51, 23, 37, 22, 47, 21, 17, 62, 24, 57, 64, 36, 3, 20, 59, 31, 1, 34, 55, 60, 4, 40, 38, 42, 46, 27, 16, 52, 0, 50, 14]
Trial,1,Cluster,4,best result chain,[33, 95, 65, 82, 57, 53, 14, 94, 92, 12, 77, 40, 28, 70, 9, 102, 11, 30, 46, 55, 101, 42, 15, 118, 27, 31, 50, 80, 103, 60, 62, 21, 106, 16, 121, 44, 108, 66, 19, 47, 54, 96, 4, 36, 97, 104, 67, 86, 23, 115, 49, 18, 34, 74, 35, 56, 41, 75, 58, 10, 29, 5, 51, 20, 64, 63, 22, 69, 119, 98, 83, 87, 45, 112, 109, 116, 7, 1, 105, 59, 37, 85, 72, 61, 38, 88, 52, 6, 91, 99, 90, 110, 113, 32, 117, 68, 120, 25, 8, 114, 39, 71, 89, 81, 2, 0, 93, 79, 24, 76, 100, 3, 78, 107, 17, 26, 48, 111, 13, 73, 43, 84]
Trial,1,Cluster,5,best result chain,[124, 122, 38, 55, 118, 46, 121, 40, 5, 79, 34, 120, 15, 117, 18, 2, 83, 43, 57, 9, 107, 123, 37, 113, 131, 78, 61, 129, 42, 44, 97, 30, 54, 74, 111, 128, 68, 53, 33, 3, 25, 76, 13, 89, 108, 28, 24, 73, 115, 36, 41, 16, 26, 87, 47, 98, 94, 69, 51, 67, 84, 88, 127, 93, 72, 0, 99, 110, 4, 31, 96, 70, 92, 56, 29, 109, 50, 10, 130, 112, 75, 64, 45, 101, 81, 86, 71, 132, 23, 95, 66, 19, 60, 100, 82, 104, 105, 58, 59, 7, 116, 17, 27, 11, 103, 14, 35, 32, 90, 126, 77, 65, 91, 49, 48, 12, 20, 39, 85, 62, 22, 125, 6, 106, 119, 80, 52, 114, 102, 63, 8, 21, 1]
Trial,1,Cluster,6,best result chain,[94, 111, 93, 67, 56, 57, 81, 20, 9, 10, 65, 4, 58, 72, 101, 112, 62, 25, 29, 103, 2, 47, 50, 1, 107, 28, 6, 35, 84, 79, 61, 46, 104, 92, 66, 11, 90, 14, 97, 39, 32, 13, 100, 15, 55, 37, 105, 78, 27, 73, 33, 70, 109, 86, 80, 5, 59, 18, 63, 87, 8, 82, 64, 68, 69, 24, 96, 102, 19, 98, 30, 88, 76, 89, 43, 41, 44, 85, 23, 22, 26, 21, 75, 48, 17, 40, 71, 106, 83, 34, 16, 54, 38, 7, 108, 45, 0, 3, 36, 99, 51, 53, 77, 91, 42, 60, 12, 110, 49, 95, 52, 31, 74]
Trial,1,Cluster,7,best result chain,[3, 40, 83, 25, 66, 129, 60, 61, 130, 47, 7, 33, 104, 68, 142, 123, 108, 17, 95, 75, 20, 124, 52, 101, 141, 49, 143, 84, 80, 70, 67, 109, 87, 105, 137, 147, 102, 69, 81, 145, 120, 127, 126, 97, 43, 29, 90, 57, 138, 54, 63, 10, 111, 39, 98, 13, 15, 139, 34, 8, 56, 59, 89, 51, 30, 21, 2, 55, 24, 76, 118, 36, 121, 112, 31, 146, 113, 38, 122, 107, 78, 96, 93, 41, 48, 136, 100, 85, 12, 103, 64, 131, 128, 44, 11, 5, 74, 133, 14, 72, 79, 88, 6, 19, 117, 9, 4, 91, 42, 45, 18, 50, 22, 26, 144, 73, 53, 32, 82, 140, 1, 0, 132, 119, 115, 77, 86, 28, 92, 116, 16, 94, 114, 110, 23, 27, 46, 135, 106, 58, 65, 99, 125, 62, 71, 134, 37, 35]
Hamming_loss, 0.24638257223935925
Exact_match, 0.0
Accuracy, 0.19642225047883513
Averaging, 0.2796428557094549