Trial,0,Cluster,0,best result chain,[10, 13, 9, 50, 55, 30, 25, 23, 53, 17, 56, 28, 6, 49, 29, 27, 34, 21, 43, 42, 15, 35, 45, 37, 47, 16, 32, 2, 20, 1, 52, 8, 19, 0, 44, 51, 22, 11, 59, 3, 57, 33, 12, 5, 54, 46, 58, 40, 7, 41, 31, 36, 4, 39, 18, 48, 14, 38, 26, 24]
Trial,0,Cluster,1,best result chain,[6, 97, 126, 10, 109, 89, 59, 63, 44, 62, 70, 131, 127, 106, 110, 122, 124, 90, 64, 88, 26, 43, 115, 18, 20, 53, 98, 85, 7, 82, 19, 1, 60, 81, 100, 105, 77, 102, 125, 46, 49, 79, 22, 66, 80, 95, 96, 99, 132, 45, 92, 32, 123, 68, 118, 72, 108, 134, 67, 116, 51, 135, 13, 55, 15, 120, 129, 111, 40, 137, 52, 37, 29, 78, 50, 31, 48, 74, 34, 56, 2, 23, 47, 113, 119, 76, 5, 9, 38, 0, 91, 114, 104, 117, 25, 133, 24, 58, 84, 28, 69, 41, 11, 21, 112, 71, 8, 17, 14, 121, 4, 3, 138, 30, 36, 42, 61, 103, 136, 33, 86, 130, 54, 128, 107, 39, 73, 65, 35, 101, 93, 12, 27, 75, 16, 94, 83, 57, 87]
Trial,0,Cluster,2,best result chain,[28, 6, 139, 122, 55, 32, 73, 107, 99, 19, 58, 98, 94, 64, 2, 45, 61, 12, 114, 78, 14, 24, 41, 21, 1, 44, 37, 141, 36, 113, 134, 8, 130, 33, 59, 52, 35, 0, 17, 104, 80, 18, 142, 22, 128, 4, 46, 127, 105, 60, 120, 81, 147, 25, 116, 67, 47, 34, 93, 101, 66, 109, 151, 129, 153, 51, 29, 91, 118, 88, 62, 135, 110, 137, 56, 92, 72, 75, 131, 27, 50, 49, 74, 48, 30, 138, 69, 63, 31, 77, 136, 150, 43, 111, 103, 106, 68, 79, 57, 10, 38, 54, 145, 7, 84, 87, 123, 40, 15, 42, 26, 39, 65, 85, 115, 13, 148, 100, 140, 97, 23, 117, 11, 70, 90, 76, 83, 124, 146, 95, 9, 112, 16, 53, 149, 121, 71, 5, 86, 108, 133, 132, 154, 96, 152, 82, 89, 119, 144, 126, 20, 143, 125, 102, 3]
Trial,0,Cluster,3,best result chain,[141, 34, 110, 92, 10, 125, 69, 50, 115, 1, 134, 71, 106, 98, 65, 144, 18, 133, 66, 27, 51, 35, 73, 111, 48, 19, 124, 70, 6, 36, 8, 137, 100, 131, 20, 0, 91, 24, 132, 57, 28, 23, 4, 33, 61, 59, 16, 118, 75, 129, 5, 11, 46, 120, 54, 42, 58, 104, 117, 105, 3, 37, 103, 126, 82, 136, 135, 81, 80, 13, 107, 122, 116, 45, 86, 30, 89, 79, 7, 38, 90, 138, 74, 47, 64, 72, 87, 140, 108, 130, 127, 2, 56, 88, 12, 67, 102, 14, 123, 31, 60, 101, 17, 93, 26, 25, 128, 84, 40, 53, 109, 119, 29, 78, 114, 43, 21, 96, 85, 22, 32, 62, 143, 55, 63, 97, 139, 44, 76, 113, 99, 95, 77, 15, 52, 49, 9, 142, 39, 68, 94, 83, 121, 41, 112]
Trial,0,Cluster,4,best result chain,[7, 94, 79, 22, 101, 73, 25, 8, 15, 43, 149, 56, 89, 160, 11, 130, 144, 34, 40, 19, 120, 151, 148, 163, 59, 164, 100, 97, 32, 29, 53, 60, 156, 51, 105, 127, 90, 139, 77, 135, 114, 6, 38, 10, 78, 0, 52, 62, 85, 1, 123, 82, 72, 42, 35, 55, 111, 104, 70, 20, 107, 121, 115, 92, 103, 21, 49, 157, 69, 13, 129, 86, 68, 161, 31, 30, 155, 9, 67, 76, 110, 91, 147, 96, 108, 128, 50, 16, 47, 145, 65, 14, 71, 99, 45, 87, 64, 158, 48, 44, 98, 41, 152, 106, 54, 109, 58, 143, 124, 2, 132, 4, 153, 3, 137, 131, 93, 141, 159, 116, 17, 74, 112, 113, 66, 154, 5, 142, 39, 33, 126, 102, 28, 46, 150, 81, 63, 18, 146, 37, 134, 61, 88, 133, 136, 23, 117, 75, 24, 12, 83, 80, 125, 138, 26, 119, 84, 162, 140, 122, 27, 95, 57, 36, 118]
Trial,0,Cluster,5,best result chain,[99, 90, 11, 12, 59, 118, 49, 138, 6, 29, 78, 136, 145, 120, 56, 124, 24, 72, 77, 22, 63, 35, 104, 100, 96, 70, 82, 42, 5, 153, 20, 43, 66, 13, 89, 10, 115, 62, 32, 48, 140, 95, 151, 112, 133, 154, 152, 92, 128, 94, 61, 68, 17, 73, 113, 107, 74, 81, 50, 44, 129, 155, 101, 4, 135, 25, 3, 157, 8, 57, 83, 76, 105, 26, 131, 21, 106, 122, 16, 116, 84, 55, 7, 39, 134, 97, 47, 125, 71, 141, 15, 123, 40, 33, 88, 65, 126, 27, 60, 79, 150, 93, 108, 110, 121, 142, 85, 9, 51, 69, 67, 147, 158, 146, 130, 30, 156, 31, 58, 132, 53, 18, 45, 0, 143, 119, 86, 38, 111, 2, 75, 37, 41, 144, 46, 19, 91, 54, 14, 102, 139, 28, 36, 98, 64, 1, 87, 148, 137, 103, 23, 34, 109, 52, 117, 114, 149, 80, 127]
Trial,0,Cluster,6,best result chain,[138, 153, 55, 95, 78, 100, 74, 33, 12, 146, 40, 102, 61, 24, 27, 19, 36, 98, 0, 28, 119, 126, 107, 73, 5, 79, 57, 151, 147, 136, 156, 80, 15, 88, 85, 81, 38, 31, 125, 6, 160, 131, 94, 66, 56, 39, 70, 110, 168, 135, 143, 54, 63, 64, 82, 158, 45, 60, 13, 69, 83, 1, 35, 22, 62, 2, 20, 14, 47, 142, 29, 152, 166, 159, 89, 77, 84, 130, 127, 71, 34, 68, 128, 109, 75, 124, 112, 122, 103, 72, 134, 26, 7, 101, 91, 108, 155, 67, 148, 137, 105, 111, 3, 149, 117, 32, 132, 162, 44, 51, 106, 157, 50, 99, 18, 43, 9, 145, 21, 104, 167, 144, 76, 49, 115, 163, 93, 87, 129, 8, 96, 30, 16, 114, 42, 121, 150, 37, 58, 65, 120, 52, 23, 25, 53, 10, 90, 116, 92, 46, 113, 140, 4, 97, 86, 17, 59, 11, 118, 165, 141, 161, 133, 48, 164, 139, 41, 154, 123]
Trial,0,Cluster,7,best result chain,[35, 44, 6, 136, 26, 115, 133, 131, 114, 151, 42, 79, 59, 124, 70, 105, 22, 122, 39, 63, 41, 143, 30, 47, 150, 127, 20, 43, 50, 8, 117, 69, 32, 81, 101, 14, 9, 61, 0, 24, 103, 80, 139, 144, 137, 87, 40, 128, 135, 152, 11, 85, 104, 157, 92, 57, 65, 54, 149, 99, 153, 64, 10, 121, 51, 27, 7, 130, 145, 1, 111, 71, 78, 12, 95, 106, 97, 129, 75, 49, 53, 29, 33, 86, 82, 16, 15, 17, 3, 88, 138, 96, 107, 68, 93, 91, 126, 67, 45, 146, 34, 56, 148, 110, 21, 112, 102, 113, 108, 28, 4, 37, 156, 31, 5, 18, 109, 123, 154, 58, 55, 140, 62, 119, 23, 118, 48, 116, 77, 89, 72, 142, 155, 46, 66, 83, 147, 84, 74, 132, 125, 94, 52, 36, 141, 134, 100, 13, 25, 19, 38, 60, 120, 98, 76, 2, 90, 73]
Hamming_loss, 0.2064516129032258,0.22528735632183908,0.19114219114219114,0.20911949685534592,0.16962524654832348,0.1962025316455696,
Exact_match, 0.0,0.0,0.0,0.0,0.0,0.0,
Accuracy, 0.28888888888888886,0.248944501856725,0.21213494221558735,0.20598903358887277,0.19341426777660833,0.27906976744186046,
Averaging, 0.36081242532855434,0.34121904851162865,0.34033091702446544,0.3322898455778423,0.34126300707609497,0.36095574526543034,