Trial,5,Cluster,0,best result chain,[129, 20, 0, 36, 43, 128, 96, 52, 78, 68, 34, 11, 73, 2, 71, 58, 121, 10, 16, 146, 44, 85, 100, 45, 94, 14, 60, 67, 99, 18, 120, 42, 113, 110, 9, 5, 84, 86, 114, 101, 116, 65, 148, 6, 88, 30, 138, 12, 26, 31, 117, 127, 13, 82, 21, 22, 92, 70, 83, 118, 107, 49, 80, 87, 57, 133, 72, 7, 112, 90, 126, 54, 139, 24, 132, 89, 105, 130, 75, 35, 123, 147, 142, 4, 37, 1, 55, 135, 47, 122, 145, 91, 77, 97, 124, 131, 119, 56, 93, 33, 41, 103, 27, 140, 141, 125, 102, 108, 106, 50, 109, 3, 40, 51, 98, 144, 46, 29, 53, 25, 143, 59, 32, 69, 66, 134, 8, 62, 63, 23, 95, 104, 17, 19, 137, 39, 48, 61, 28, 111, 136, 81, 64, 38, 79, 76, 115, 15, 74]
Trial,5,Cluster,1,best result chain,[52, 31, 2, 33, 46, 3, 4, 47, 14, 15, 25, 39, 43, 36, 8, 45, 9, 38, 24, 56, 27, 44, 22, 17, 10, 48, 40, 53, 16, 11, 57, 21, 7, 1, 55, 23, 29, 30, 6, 35, 37, 26, 20, 50, 5, 34, 13, 49, 42, 18, 12, 32, 54, 0, 51, 28, 19, 41]
Trial,5,Cluster,2,best result chain,[26, 115, 119, 84, 91, 36, 71, 145, 94, 44, 4, 43, 101, 77, 54, 74, 124, 113, 137, 96, 31, 68, 2, 66, 126, 69, 1, 57, 9, 47, 58, 40, 6, 161, 14, 50, 98, 41, 88, 120, 93, 13, 123, 138, 150, 154, 20, 75, 81, 46, 25, 70, 156, 95, 37, 106, 92, 67, 65, 85, 28, 121, 53, 139, 157, 130, 24, 29, 11, 109, 16, 108, 49, 116, 8, 100, 163, 59, 102, 87, 5, 22, 64, 34, 83, 56, 10, 114, 153, 42, 129, 33, 146, 55, 72, 117, 140, 78, 134, 63, 132, 60, 162, 136, 21, 12, 122, 112, 107, 144, 7, 127, 143, 148, 73, 147, 23, 3, 159, 152, 89, 131, 103, 151, 90, 149, 52, 104, 133, 142, 158, 38, 160, 76, 82, 48, 99, 39, 45, 61, 141, 105, 97, 27, 51, 17, 30, 19, 35, 118, 110, 111, 62, 125, 135, 0, 128, 32, 15, 79, 86, 155, 80, 18]
Trial,5,Cluster,3,best result chain,[43, 34, 80, 125, 0, 66, 106, 101, 91, 158, 17, 55, 68, 153, 10, 140, 24, 46, 73, 29, 27, 44, 50, 38, 72, 49, 104, 88, 119, 151, 127, 79, 62, 156, 144, 47, 30, 136, 107, 103, 89, 56, 13, 122, 100, 118, 54, 134, 128, 39, 87, 93, 67, 40, 9, 48, 33, 99, 5, 41, 115, 35, 28, 123, 129, 96, 108, 121, 143, 11, 18, 126, 64, 116, 86, 135, 97, 57, 146, 159, 117, 25, 133, 78, 42, 124, 137, 12, 98, 70, 65, 150, 4, 59, 85, 14, 8, 90, 94, 112, 63, 75, 26, 139, 37, 131, 31, 81, 6, 69, 130, 20, 60, 105, 138, 77, 22, 16, 145, 149, 19, 95, 148, 76, 3, 84, 23, 32, 155, 52, 51, 21, 71, 132, 1, 61, 7, 58, 102, 114, 154, 142, 82, 152, 2, 111, 113, 109, 157, 147, 83, 15, 120, 160, 45, 141, 92, 53, 74, 36, 110]
Trial,5,Cluster,4,best result chain,[54, 5, 108, 150, 140, 33, 80, 155, 96, 85, 132, 64, 103, 13, 72, 121, 157, 40, 12, 120, 31, 89, 122, 66, 25, 87, 41, 49, 110, 129, 32, 86, 52, 10, 152, 79, 3, 16, 112, 29, 59, 82, 22, 144, 53, 4, 113, 27, 158, 130, 1, 135, 39, 18, 136, 63, 148, 23, 133, 48, 98, 95, 147, 37, 97, 104, 65, 47, 28, 142, 100, 91, 11, 126, 42, 107, 94, 61, 153, 26, 7, 74, 56, 19, 116, 0, 123, 119, 69, 71, 92, 115, 137, 77, 2, 117, 154, 88, 134, 102, 35, 106, 76, 24, 6, 55, 90, 139, 99, 45, 67, 127, 143, 44, 30, 60, 105, 21, 38, 46, 83, 124, 78, 51, 156, 131, 81, 8, 20, 34, 36, 138, 114, 128, 68, 62, 84, 70, 151, 101, 109, 17, 146, 145, 58, 93, 15, 43, 118, 57, 75, 50, 125, 14, 149, 73, 9, 111, 141]
Trial,5,Cluster,5,best result chain,[93, 98, 11, 137, 155, 15, 40, 96, 91, 161, 107, 134, 100, 153, 95, 86, 2, 147, 73, 34, 72, 127, 12, 74, 45, 78, 81, 18, 58, 26, 128, 163, 126, 94, 27, 117, 8, 62, 111, 162, 114, 68, 3, 102, 36, 139, 118, 148, 144, 90, 60, 59, 17, 121, 0, 57, 99, 131, 10, 4, 124, 5, 149, 61, 84, 150, 32, 56, 13, 158, 103, 120, 82, 87, 53, 138, 29, 133, 48, 109, 54, 140, 132, 113, 39, 52, 130, 123, 14, 80, 19, 145, 9, 116, 65, 88, 115, 143, 135, 159, 41, 89, 70, 49, 47, 16, 152, 146, 105, 25, 110, 151, 55, 63, 21, 136, 160, 1, 75, 66, 106, 141, 85, 119, 157, 101, 122, 69, 108, 92, 77, 43, 129, 83, 97, 50, 51, 104, 28, 79, 30, 38, 44, 154, 71, 7, 6, 20, 24, 112, 42, 76, 67, 142, 156, 64, 22, 46, 35, 31, 125, 23, 33, 37]
Trial,5,Cluster,6,best result chain,[18, 75, 29, 52, 107, 102, 3, 76, 108, 59, 30, 33, 92, 20, 41, 49, 73, 70, 83, 82, 54, 57, 17, 35, 26, 74, 90, 50, 79, 71, 105, 14, 63, 0, 100, 80, 25, 23, 106, 86, 6, 61, 45, 66, 104, 101, 98, 15, 78, 42, 36, 77, 99, 37, 44, 87, 93, 31, 22, 81, 69, 55, 95, 39, 24, 32, 8, 11, 58, 43, 51, 96, 53, 34, 48, 97, 94, 84, 1, 72, 38, 40, 56, 27, 2, 88, 64, 67, 68, 65, 19, 62, 47, 13, 5, 21, 4, 103, 46, 85, 10, 91, 16, 28, 7, 12, 60, 9, 89]
Trial,5,Cluster,7,best result chain,[138, 114, 54, 132, 118, 36, 42, 133, 134, 48, 69, 58, 44, 7, 137, 19, 117, 34, 122, 10, 31, 92, 99, 41, 91, 89, 52, 101, 45, 22, 109, 129, 106, 128, 74, 130, 64, 70, 73, 95, 53, 30, 1, 112, 100, 59, 56, 50, 113, 68, 79, 49, 37, 57, 85, 60, 121, 18, 13, 127, 90, 94, 84, 77, 71, 25, 72, 35, 28, 107, 33, 40, 135, 32, 16, 38, 46, 82, 63, 83, 0, 93, 20, 26, 23, 15, 110, 80, 119, 105, 124, 21, 111, 78, 67, 8, 27, 65, 43, 9, 11, 3, 126, 4, 66, 131, 76, 86, 96, 104, 125, 29, 139, 115, 123, 39, 97, 12, 6, 103, 88, 61, 62, 5, 24, 17, 14, 81, 102, 2, 55, 98, 108, 47, 136, 116, 120, 51, 87, 75]
Hamming_loss, 0.3275862068965517,0.11585365853658537,0.2070393374741201,0.18941916389197191,0.18902439024390247,0.29357798165137616,
Exact_match, 0.0,0.0,0.0,0.0,0.0,0.0,
Accuracy, 0.09523809523809523,0.3448275862068966,0.2032457270507475,0.22845778329509003,0.27762396948443463,0.2019460171634085,
Averaging, 0.2558839627805145,0.4096579758901037,0.3320687965255425,0.3463462064677061,0.3628665264135107,0.3027893451706774,