Trial,4,Cluster,0,best result chain,[6, 35, 39, 31, 10, 117, 101, 37, 71, 45, 119, 90, 83, 99, 113, 13, 61, 65, 28, 46, 145, 109, 47, 81, 38, 141, 127, 20, 110, 114, 106, 126, 152, 98, 112, 67, 139, 1, 134, 133, 60, 49, 154, 44, 52, 97, 153, 74, 135, 150, 55, 78, 27, 125, 15, 33, 75, 137, 89, 96, 30, 111, 85, 100, 130, 88, 62, 51, 91, 102, 50, 43, 92, 5, 121, 80, 58, 136, 69, 54, 22, 3, 68, 82, 41, 40, 32, 53, 138, 8, 25, 57, 63, 147, 23, 108, 131, 73, 7, 103, 104, 95, 36, 124, 79, 93, 9, 84, 59, 77, 64, 24, 116, 115, 151, 48, 118, 144, 34, 21, 29, 105, 140, 16, 66, 123, 146, 26, 0, 132, 120, 87, 19, 107, 4, 18, 128, 122, 148, 72, 142, 42, 70, 17, 129, 76, 2, 143, 86, 94, 12, 149, 11, 14, 56]
Trial,4,Cluster,1,best result chain,[118, 57, 2, 106, 6, 19, 24, 43, 18, 120, 30, 65, 83, 92, 51, 50, 95, 10, 69, 20, 109, 54, 102, 117, 31, 34, 100, 9, 28, 64, 74, 32, 22, 47, 8, 12, 86, 5, 13, 39, 45, 23, 68, 122, 103, 49, 89, 14, 76, 97, 71, 46, 21, 42, 78, 93, 77, 66, 40, 113, 123, 27, 104, 73, 33, 115, 61, 119, 124, 111, 7, 75, 125, 56, 52, 35, 79, 62, 3, 101, 80, 11, 16, 25, 26, 105, 38, 60, 29, 90, 17, 41, 121, 48, 37, 99, 4, 114, 36, 96, 58, 1, 112, 44, 81, 88, 63, 98, 55, 110, 59, 82, 116, 53, 0, 84, 70, 15, 108, 72, 107, 91, 67, 85, 94, 87]
Trial,4,Cluster,2,best result chain,[37, 23, 48, 110, 111, 106, 83, 82, 63, 107, 36, 140, 120, 58, 136, 85, 76, 9, 97, 101, 10, 52, 90, 0, 30, 108, 50, 11, 125, 109, 87, 55, 17, 72, 134, 53, 35, 20, 135, 69, 144, 141, 105, 32, 19, 112, 89, 4, 49, 34, 129, 118, 130, 41, 78, 40, 113, 86, 137, 104, 3, 16, 115, 25, 138, 5, 18, 75, 73, 103, 70, 13, 54, 128, 124, 26, 51, 15, 116, 44, 62, 42, 74, 39, 43, 84, 119, 68, 2, 64, 38, 94, 24, 27, 61, 29, 93, 65, 95, 132, 127, 22, 117, 47, 67, 131, 71, 133, 60, 126, 59, 12, 33, 92, 88, 6, 28, 57, 77, 66, 56, 100, 46, 8, 96, 45, 114, 1, 122, 21, 123, 79, 80, 102, 139, 99, 98, 142, 7, 91, 143, 81, 31, 121, 14]
Trial,4,Cluster,3,best result chain,[110, 95, 75, 86, 96, 88, 2, 71, 121, 103, 70, 34, 85, 48, 26, 16, 56, 78, 64, 33, 133, 20, 105, 51, 40, 67, 17, 1, 12, 118, 42, 65, 108, 31, 23, 131, 124, 76, 60, 13, 83, 46, 72, 120, 39, 8, 117, 126, 14, 80, 100, 32, 125, 94, 139, 114, 73, 98, 68, 18, 49, 37, 82, 28, 62, 107, 10, 84, 36, 52, 3, 61, 77, 130, 0, 109, 113, 69, 4, 92, 63, 140, 41, 21, 99, 138, 111, 91, 19, 135, 106, 132, 54, 74, 58, 122, 115, 29, 43, 101, 136, 66, 53, 116, 6, 44, 112, 35, 5, 102, 45, 25, 81, 55, 89, 87, 134, 9, 57, 93, 24, 38, 79, 27, 90, 30, 123, 137, 104, 59, 47, 7, 15, 129, 50, 119, 97, 128, 22, 11, 127]
Trial,4,Cluster,4,best result chain,[28, 68, 85, 45, 29, 106, 117, 15, 46, 50, 113, 4, 102, 104, 124, 21, 72, 84, 75, 122, 10, 69, 105, 94, 48, 18, 61, 41, 35, 125, 81, 40, 74, 66, 33, 58, 6, 118, 59, 37, 128, 88, 39, 36, 127, 47, 60, 1, 7, 103, 91, 52, 57, 24, 107, 17, 100, 120, 78, 79, 130, 13, 14, 5, 98, 32, 55, 95, 71, 73, 129, 89, 12, 97, 116, 80, 101, 62, 131, 119, 44, 54, 20, 70, 34, 25, 56, 30, 27, 22, 51, 110, 0, 2, 87, 126, 77, 92, 108, 123, 109, 49, 9, 93, 65, 16, 63, 26, 3, 76, 90, 67, 121, 11, 112, 64, 53, 86, 8, 31, 19, 83, 38, 115, 82, 23, 99, 43, 111, 114, 42, 96]
Trial,4,Cluster,5,best result chain,[120, 21, 27, 8, 91, 92, 49, 33, 101, 19, 102, 89, 10, 56, 11, 18, 17, 87, 121, 5, 40, 71, 20, 108, 69, 53, 114, 25, 6, 43, 105, 115, 75, 74, 104, 63, 112, 57, 93, 23, 99, 15, 83, 66, 30, 0, 119, 62, 81, 110, 38, 117, 12, 31, 88, 68, 96, 2, 98, 58, 4, 80, 84, 36, 1, 26, 76, 55, 7, 118, 41, 65, 107, 24, 13, 86, 42, 9, 54, 106, 22, 51, 67, 100, 64, 35, 79, 60, 95, 29, 94, 61, 85, 3, 90, 103, 111, 116, 28, 70, 44, 39, 78, 47, 73, 82, 123, 113, 50, 77, 14, 16, 72, 122, 52, 37, 59, 46, 48, 45, 97, 32, 109, 34]
Trial,4,Cluster,6,best result chain,[88, 74, 12, 39, 23, 18, 77, 27, 70, 24, 56, 61, 36, 85, 8, 65, 92, 2, 93, 37, 38, 6, 9, 63, 42, 50, 14, 72, 58, 54, 31, 76, 87, 71, 49, 43, 26, 41, 10, 29, 25, 75, 82, 19, 83, 62, 66, 64, 20, 89, 59, 21, 73, 94, 78, 11, 55, 79, 7, 95, 57, 96, 52, 30, 0, 69, 53, 16, 34, 44, 60, 51, 17, 15, 67, 46, 80, 28, 81, 91, 45, 4, 40, 3, 84, 22, 68, 32, 86, 5, 48, 1, 47, 13, 33, 90, 35]
Hamming_loss, 0.2037351443123939,0.24162257495590828,0.20459770114942527,0.24113475177304958,0.2676767676767676,0.23963133640552997,0.2963917525773196,
Exact_match, 0.0,0.0,0.0,0.0,0.0,0.0,0.0,
Accuracy, 0.18307351056975413,0.25864864558474854,0.2458753831829997,0.2130374902730054,0.19888619655187548,0.22797607844191692,0.17090007398648008,
Averaging, 0.32644612208578677,0.33900869020961344,0.3470925606778581,0.3239675794999853,0.3104031429583693,0.3294482473454623,0.2915027738030535,